Pool_ID,JulianDate,mosq_a,mosq_b,mosq_c,mosq_d,dfly_a,dfly_b,dfly_c,dfly_d
1,139,1,NA,NA,NA,0,NA,NA,NA
2,139,0,NA,NA,NA,0,NA,NA,NA
3,139,1,NA,NA,NA,0,NA,NA,NA
4,139,0,NA,NA,NA,0,NA,NA,NA
5,139,1,NA,NA,NA,0,NA,NA,NA
6,139,0,NA,NA,NA,0,NA,NA,NA
10,139,0,NA,NA,NA,0,NA,NA,NA
11,139,1,NA,NA,NA,0,NA,NA,NA
13,139,0,NA,NA,NA,0,NA,NA,NA
14,139,0,NA,NA,NA,0,NA,NA,NA
15,139,1,NA,NA,NA,0,NA,NA,NA
16,139,1,NA,NA,NA,0,NA,NA,NA
17,139,1,NA,NA,NA,0,NA,NA,NA
18,139,1,NA,NA,NA,0,NA,NA,NA
21,139,1,NA,NA,NA,0,NA,NA,NA
22,139,1,NA,NA,NA,0,NA,NA,NA
24,139,1,NA,NA,NA,0,NA,NA,NA
29,139,0,NA,NA,NA,0,NA,NA,NA
31,139,1,NA,NA,NA,0,NA,NA,NA
32,139,1,NA,NA,NA,0,NA,NA,NA
35,139,0,NA,NA,NA,0,NA,NA,NA
42,139,1,NA,NA,NA,0,NA,NA,NA
43,139,1,NA,NA,NA,0,NA,NA,NA
44,139,0,NA,NA,NA,0,NA,NA,NA
45,139,0,NA,NA,NA,0,NA,NA,NA
46,139,0,NA,NA,NA,0,NA,NA,NA
47,139,1,1,NA,NA,0,0,NA,NA
48,139,0,NA,NA,NA,0,NA,NA,NA
49,139,1,NA,NA,NA,0,NA,NA,NA
50,139,0,NA,NA,NA,0,NA,NA,NA
51,139,1,NA,NA,NA,0,NA,NA,NA
52,139,1,NA,NA,NA,0,NA,NA,NA
54,139,0,NA,NA,NA,0,NA,NA,NA
55,139,1,NA,NA,NA,0,NA,NA,NA
58,139,1,NA,NA,NA,0,NA,NA,NA
59,139,1,NA,NA,NA,0,NA,NA,NA
60,139,1,NA,NA,NA,0,NA,NA,NA
61,139,1,NA,NA,NA,0,NA,NA,NA
62,139,1,NA,NA,NA,0,NA,NA,NA
63,139,1,NA,NA,NA,0,NA,NA,NA
64,139,1,NA,NA,NA,0,NA,NA,NA
65,139,NA,NA,NA,NA,NA,NA,NA,NA
66,139,NA,NA,NA,NA,NA,NA,NA,NA
68,139,0,NA,NA,NA,0,NA,NA,NA
69,139,1,NA,NA,NA,0,NA,NA,NA
70,139,NA,NA,NA,NA,NA,NA,NA,NA
71,139,0,0,NA,NA,0,0,NA,NA
73,139,0,NA,NA,NA,0,NA,NA,NA
74,139,0,NA,NA,NA,0,NA,NA,NA
75,139,0,NA,NA,NA,0,NA,NA,NA
76,139,0,NA,NA,NA,0,NA,NA,NA
77,139,0,NA,NA,NA,0,NA,NA,NA
78,139,0,0,NA,NA,0,0,NA,NA
79,139,1,NA,NA,NA,0,NA,NA,NA
80,139,1,NA,NA,NA,0,NA,NA,NA
81,139,1,NA,NA,NA,0,NA,NA,NA
82,139,0,NA,NA,NA,0,NA,NA,NA
83,139,0,NA,NA,NA,0,NA,NA,NA
84,139,0,NA,NA,NA,0,NA,NA,NA
85,139,0,NA,NA,NA,0,NA,NA,NA
86,139,1,NA,NA,NA,0,NA,NA,NA
87,139,1,NA,NA,NA,0,NA,NA,NA
88,139,1,NA,NA,NA,0,NA,NA,NA
89,139,0,NA,NA,NA,0,NA,NA,NA
90,139,0,NA,NA,NA,0,NA,NA,NA
91,139,1,0,NA,NA,0,NA,NA,NA
92,139,1,NA,NA,NA,0,NA,NA,NA
93,139,NA,NA,NA,NA,NA,NA,NA,NA
94,139,0,NA,NA,NA,0,NA,NA,NA
95,139,1,NA,NA,NA,0,NA,NA,NA
96,139,0,NA,NA,NA,0,NA,NA,NA
97,139,1,NA,NA,NA,0,NA,NA,NA
98,139,1,1,NA,NA,0,0,NA,NA
99,139,0,NA,NA,NA,0,NA,NA,NA
103,139,1,NA,NA,NA,0,NA,NA,NA
104,139,1,NA,NA,NA,0,NA,NA,NA
105,139,1,NA,NA,NA,0,NA,NA,NA
106,139,1,NA,NA,NA,0,NA,NA,NA
107,139,1,NA,NA,NA,0,NA,NA,NA
108,139,0,NA,NA,NA,0,NA,NA,NA
109,139,1,NA,NA,NA,0,NA,NA,NA
110,139,0,NA,NA,NA,0,NA,NA,NA
111,139,0,NA,NA,NA,0,NA,NA,NA
112,139,1,NA,NA,NA,0,NA,NA,NA
113,139,0,NA,NA,NA,0,NA,NA,NA
114,139,1,NA,NA,NA,0,NA,NA,NA
116,139,0,NA,NA,NA,0,NA,NA,NA
117,139,0,NA,NA,NA,0,NA,NA,NA
118,139,1,NA,NA,NA,0,NA,NA,NA
119,139,1,NA,NA,NA,0,NA,NA,NA
120,139,1,NA,NA,NA,0,NA,NA,NA
121,139,1,NA,NA,NA,0,NA,NA,NA
122,139,1,NA,NA,NA,0,NA,NA,NA
123,139,1,NA,NA,NA,0,NA,NA,NA
124,139,1,NA,NA,NA,0,NA,NA,NA
125,139,0,NA,NA,NA,0,NA,NA,NA
126,139,1,NA,NA,NA,0,NA,NA,NA
127,139,0,NA,NA,NA,0,NA,NA,NA
128,139,1,NA,NA,NA,0,NA,NA,NA
129,139,1,NA,NA,NA,0,NA,NA,NA
130,139,1,NA,NA,NA,0,NA,NA,NA
131,139,1,NA,NA,NA,0,NA,NA,NA
132,139,NA,NA,NA,NA,NA,NA,NA,NA
133,139,1,NA,NA,NA,0,NA,NA,NA
134,139,1,NA,NA,NA,0,NA,NA,NA
135,139,1,NA,NA,NA,0,NA,NA,NA
136,139,1,NA,NA,NA,0,NA,NA,NA
137,139,1,NA,NA,NA,0,NA,NA,NA
138,139,0,NA,NA,NA,0,NA,NA,NA
139,139,1,NA,NA,NA,0,NA,NA,NA
140,139,0,NA,NA,NA,0,NA,NA,NA
141,139,1,NA,NA,NA,0,NA,NA,NA
142,139,1,NA,NA,NA,0,NA,NA,NA
143,139,1,NA,NA,NA,0,NA,NA,NA
144,139,1,NA,NA,NA,0,NA,NA,NA
145,139,0,NA,NA,NA,0,NA,NA,NA
146,139,0,NA,NA,NA,0,NA,NA,NA
147,139,0,NA,NA,NA,0,NA,NA,NA
148,139,1,NA,NA,NA,0,NA,NA,NA
149,139,NA,NA,NA,NA,NA,NA,NA,NA
150,139,NA,NA,NA,NA,NA,NA,NA,NA
151,139,1,NA,NA,NA,0,NA,NA,NA
152,139,1,NA,NA,NA,0,NA,NA,NA
153,139,1,NA,NA,NA,0,NA,NA,NA
154,139,0,NA,NA,NA,0,NA,NA,NA
155,139,0,NA,NA,NA,0,NA,NA,NA
156,139,1,NA,NA,NA,0,NA,NA,NA
157,139,NA,NA,NA,NA,NA,NA,NA,NA
158,139,NA,NA,NA,NA,NA,NA,NA,NA
159,139,1,NA,NA,NA,0,NA,NA,NA
160,139,1,NA,NA,NA,0,NA,NA,NA
161,139,1,NA,NA,NA,0,NA,NA,NA
162,139,1,NA,NA,NA,0,NA,NA,NA
163,139,1,NA,NA,NA,0,NA,NA,NA
164,139,1,NA,NA,NA,0,NA,NA,NA
165,139,1,NA,NA,NA,0,NA,NA,NA
166,139,1,NA,NA,NA,0,NA,NA,NA
167,139,1,NA,NA,NA,0,NA,NA,NA
168,139,1,NA,NA,NA,0,NA,NA,NA
169,139,0,NA,NA,NA,0,NA,NA,NA
170,139,1,NA,NA,NA,0,NA,NA,NA
171,139,1,NA,NA,NA,0,NA,NA,NA
172,139,NA,NA,NA,NA,NA,NA,NA,NA
173,139,NA,NA,NA,NA,NA,NA,NA,NA
175,139,1,NA,NA,NA,0,NA,NA,NA
176,139,1,NA,NA,NA,0,NA,NA,NA
177,139,0,NA,NA,NA,0,NA,NA,NA
179,139,1,NA,NA,NA,0,NA,NA,NA
180,139,1,NA,NA,NA,0,NA,NA,NA
181,139,0,NA,NA,NA,0,NA,NA,NA
182,139,1,NA,NA,NA,0,NA,NA,NA
183,139,1,NA,NA,NA,0,NA,NA,NA
184,139,1,NA,NA,NA,0,NA,NA,NA
185,139,NA,NA,NA,NA,NA,NA,NA,NA
186,139,0,NA,NA,NA,0,NA,NA,NA
187,139,1,NA,NA,NA,0,NA,NA,NA
188,139,NA,NA,NA,NA,NA,NA,NA,NA
189,139,1,NA,NA,NA,0,NA,NA,NA
190,139,1,NA,NA,NA,0,NA,NA,NA
191,139,1,NA,NA,NA,0,NA,NA,NA
192,139,1,NA,NA,NA,0,NA,NA,NA
193,139,1,NA,NA,NA,0,NA,NA,NA
194,139,0,NA,NA,NA,0,NA,NA,NA
195,139,0,NA,NA,NA,0,NA,NA,NA
196,139,0,NA,NA,NA,0,NA,NA,NA
197,139,0,NA,NA,NA,0,NA,NA,NA
198,139,0,NA,NA,NA,0,NA,NA,NA
199,139,1,NA,NA,NA,0,NA,NA,NA
200,139,0,NA,NA,NA,0,NA,NA,NA
201,139,0,NA,NA,NA,0,NA,NA,NA
202,139,0,NA,NA,NA,0,NA,NA,NA
203,139,0,NA,NA,NA,0,NA,NA,NA
204,139,0,NA,NA,NA,0,NA,NA,NA
205,139,0,NA,NA,NA,0,NA,NA,NA
207,139,1,NA,NA,NA,0,NA,NA,NA
208,139,1,NA,NA,NA,0,NA,NA,NA
209,139,1,1,NA,NA,0,NA,NA,NA
210,139,1,NA,NA,NA,0,NA,NA,NA
211,139,0,NA,NA,NA,0,NA,NA,NA
212,139,1,NA,NA,NA,0,NA,NA,NA
213,139,1,NA,NA,NA,0,NA,NA,NA
214,139,1,1,NA,NA,0,NA,NA,NA
215,139,1,NA,NA,NA,0,NA,NA,NA
216,139,1,NA,NA,NA,0,NA,NA,NA
217,139,1,NA,NA,NA,0,NA,NA,NA
218,139,0,NA,NA,NA,0,NA,NA,NA
219,139,1,NA,NA,NA,0,NA,NA,NA
220,139,1,NA,NA,NA,0,NA,NA,NA
221,139,0,NA,NA,NA,0,NA,NA,NA
222,139,0,NA,NA,NA,0,NA,NA,NA
223,139,0,0,NA,NA,0,0,NA,NA
224,139,1,1,NA,NA,0,0,NA,NA
225,139,1,NA,NA,NA,0,NA,NA,NA
226,139,1,NA,NA,NA,0,NA,NA,NA
227,139,1,NA,NA,NA,0,NA,NA,NA
228,139,1,NA,NA,NA,0,NA,NA,NA
229,139,0,NA,NA,NA,0,NA,NA,NA
230,139,1,NA,NA,NA,0,NA,NA,NA
231,139,NA,NA,NA,NA,NA,NA,NA,NA
232,139,1,NA,NA,NA,0,NA,NA,NA
233,139,1,NA,NA,NA,0,NA,NA,NA
234,139,1,NA,NA,NA,0,NA,NA,NA
235,139,0,NA,NA,NA,1,NA,NA,NA
236,139,1,NA,NA,NA,0,NA,NA,NA
237,139,1,NA,NA,NA,0,NA,NA,NA
238,139,1,NA,NA,NA,0,NA,NA,NA
239,139,1,NA,NA,NA,0,NA,NA,NA
240,139,1,NA,NA,NA,0,NA,NA,NA
241,139,1,NA,NA,NA,0,NA,NA,NA
242,139,1,NA,NA,NA,0,NA,NA,NA
243,139,1,NA,NA,NA,0,NA,NA,NA
244,139,1,NA,NA,NA,0,NA,NA,NA
245,139,0,NA,NA,NA,0,NA,NA,NA
246,139,1,NA,NA,NA,0,NA,NA,NA
247,139,0,NA,NA,NA,1,NA,NA,NA
248,139,NA,NA,NA,NA,NA,NA,NA,NA
249,139,0,NA,NA,NA,0,NA,NA,NA
250,139,1,NA,NA,NA,0,NA,NA,NA
251,139,1,NA,NA,NA,0,NA,NA,NA
252,139,1,NA,NA,NA,1,NA,NA,NA
253,139,1,NA,NA,NA,0,NA,NA,NA
254,139,1,NA,NA,NA,0,NA,NA,NA
255,139,NA,NA,NA,NA,NA,NA,NA,NA
256,139,1,1,NA,NA,0,0,NA,NA
257,139,1,NA,NA,NA,0,NA,NA,NA
258,139,1,NA,NA,NA,0,NA,NA,NA
259,139,1,NA,NA,NA,0,NA,NA,NA
260,139,1,NA,NA,NA,0,NA,NA,NA
261,139,0,NA,NA,NA,0,NA,NA,NA
263,139,0,NA,NA,NA,0,NA,NA,NA
264,139,1,NA,NA,NA,0,NA,NA,NA
265,139,1,NA,NA,NA,0,NA,NA,NA
266,139,1,NA,NA,NA,0,NA,NA,NA
267,139,0,NA,NA,NA,0,NA,NA,NA
268,139,1,NA,NA,NA,0,NA,NA,NA
269,139,1,NA,NA,NA,0,NA,NA,NA
270,139,1,NA,NA,NA,0,NA,NA,NA
271,139,0,NA,NA,NA,0,NA,NA,NA
272,139,0,NA,NA,NA,0,NA,NA,NA
273,139,0,NA,NA,NA,0,NA,NA,NA
274,139,0,NA,NA,NA,0,NA,NA,NA
275,139,0,NA,NA,NA,0,NA,NA,NA
276,139,0,NA,NA,NA,0,NA,NA,NA
278,139,0,NA,NA,NA,0,NA,NA,NA
279,139,0,NA,NA,NA,0,NA,NA,NA
280,139,1,NA,NA,NA,0,NA,NA,NA
281,139,1,NA,NA,NA,0,NA,NA,NA
282,139,NA,NA,NA,NA,NA,NA,NA,NA
283,139,0,NA,NA,NA,0,NA,NA,NA
284,139,0,NA,NA,NA,0,NA,NA,NA
285,139,0,NA,NA,NA,0,NA,NA,NA
286,139,1,NA,NA,NA,0,NA,NA,NA
287,139,0,NA,NA,NA,0,NA,NA,NA
288,139,1,0,NA,NA,0,0,NA,NA
289,139,NA,NA,NA,NA,NA,NA,NA,NA
290,139,0,NA,NA,NA,0,NA,NA,NA
291,139,0,NA,NA,NA,0,NA,NA,NA
292,139,0,NA,NA,NA,0,NA,NA,NA
293,139,NA,NA,NA,NA,NA,NA,NA,NA
294,139,0,NA,NA,NA,0,NA,NA,NA
295,139,0,NA,NA,NA,0,NA,NA,NA
296,139,0,NA,NA,NA,0,NA,NA,NA
297,139,NA,NA,NA,NA,NA,NA,NA,NA
298,139,0,NA,NA,NA,0,NA,NA,NA
299,139,1,NA,NA,NA,0,NA,NA,NA
300,139,0,NA,NA,NA,0,NA,NA,NA
301,139,0,NA,NA,NA,0,NA,NA,NA
302,139,0,NA,NA,NA,0,NA,NA,NA
303,139,0,NA,NA,NA,0,NA,NA,NA
304,139,0,NA,NA,NA,0,NA,NA,NA
305,139,NA,NA,NA,NA,NA,NA,NA,NA
306,139,0,NA,NA,NA,0,NA,NA,NA
307,139,1,NA,NA,NA,0,NA,NA,NA
308,139,NA,NA,NA,NA,NA,NA,NA,NA
309,139,0,NA,NA,NA,0,NA,NA,NA
310,139,0,NA,NA,NA,0,NA,NA,NA
311,139,0,NA,NA,NA,0,NA,NA,NA
312,139,1,NA,NA,NA,0,NA,NA,NA
314,139,0,NA,NA,NA,0,NA,NA,NA
315,139,1,NA,NA,NA,0,NA,NA,NA
316,139,0,0,NA,NA,0,0,NA,NA
317,139,1,NA,NA,NA,0,NA,NA,NA
318,139,1,NA,NA,NA,0,NA,NA,NA
319,139,0,NA,NA,NA,0,NA,NA,NA
320,139,0,NA,NA,NA,0,NA,NA,NA
321,139,1,NA,NA,NA,0,NA,NA,NA
322,139,NA,NA,NA,NA,NA,NA,NA,NA
323,139,0,NA,NA,NA,0,NA,NA,NA
324,139,1,NA,NA,NA,0,NA,NA,NA
325,139,NA,NA,NA,NA,NA,NA,NA,NA
326,139,1,NA,NA,NA,0,NA,NA,NA
327,139,0,NA,NA,NA,0,NA,NA,NA
328,139,1,NA,NA,NA,0,NA,NA,NA
329,139,1,NA,NA,NA,0,NA,NA,NA
330,139,0,NA,NA,NA,0,NA,NA,NA
331,139,0,NA,NA,NA,0,NA,NA,NA
332,139,0,NA,NA,NA,0,NA,NA,NA
333,139,1,NA,NA,NA,0,NA,NA,NA
334,139,1,NA,NA,NA,0,NA,NA,NA
335,139,1,NA,NA,NA,0,NA,NA,NA
336,139,1,NA,NA,NA,0,NA,NA,NA
337,139,1,NA,NA,NA,0,NA,NA,NA
338,139,1,NA,NA,NA,0,NA,NA,NA
339,139,NA,NA,NA,NA,NA,NA,NA,NA
340,139,1,NA,NA,NA,0,NA,NA,NA
341,139,1,NA,NA,NA,0,NA,NA,NA
342,139,NA,NA,NA,NA,NA,NA,NA,NA
343,139,0,NA,NA,NA,0,NA,NA,NA
344,139,0,NA,NA,NA,0,NA,NA,NA
345,139,NA,NA,NA,NA,NA,NA,NA,NA
346,139,1,NA,NA,NA,0,NA,NA,NA
347,139,1,NA,NA,NA,0,NA,NA,NA
348,139,1,NA,NA,NA,0,NA,NA,NA
349,139,1,NA,NA,NA,0,NA,NA,NA
350,139,1,NA,NA,NA,0,NA,NA,NA
351,139,1,NA,NA,NA,0,NA,NA,NA
352,139,NA,NA,NA,NA,NA,NA,NA,NA
353,139,1,NA,NA,NA,0,NA,NA,NA
354,139,1,NA,NA,NA,0,NA,NA,NA
355,139,0,NA,NA,NA,0,NA,NA,NA
356,139,NA,NA,NA,NA,NA,NA,NA,NA
357,139,0,NA,NA,NA,0,NA,NA,NA
358,139,0,NA,NA,NA,0,NA,NA,NA
359,139,1,NA,NA,NA,0,NA,NA,NA
360,139,0,NA,NA,NA,0,NA,NA,NA
361,139,1,NA,NA,NA,0,NA,NA,NA
362,139,0,0,0,0,0,0,0,0
363,139,NA,NA,NA,NA,NA,NA,NA,NA
364,139,0,NA,NA,NA,0,NA,NA,NA
365,139,0,0,NA,NA,0,0,NA,NA
366,139,0,0,NA,NA,0,0,NA,NA
367,139,0,NA,NA,NA,0,NA,NA,NA
368,139,0,NA,NA,NA,0,NA,NA,NA
369,139,0,NA,NA,NA,0,NA,NA,NA
370,139,0,NA,NA,NA,0,NA,NA,NA
371,139,NA,NA,NA,NA,NA,NA,NA,NA
372,139,0,NA,NA,NA,0,NA,NA,NA
373,139,0,NA,NA,NA,0,NA,NA,NA
374,139,0,NA,NA,NA,0,NA,NA,NA
375,139,1,NA,NA,NA,0,NA,NA,NA
376,139,1,NA,NA,NA,0,NA,NA,NA
377,139,0,NA,NA,NA,0,NA,NA,NA
378,139,NA,NA,NA,NA,NA,NA,NA,NA
379,139,NA,NA,NA,NA,NA,NA,NA,NA
380,139,1,NA,NA,NA,0,NA,NA,NA
381,139,1,NA,NA,NA,0,NA,NA,NA
382,139,NA,NA,NA,NA,NA,NA,NA,NA
383,139,1,NA,NA,NA,0,NA,NA,NA
384,139,0,NA,NA,NA,0,NA,NA,NA
385,139,NA,NA,NA,NA,NA,NA,NA,NA
386,139,NA,NA,NA,NA,NA,NA,NA,NA
389,139,0,0,NA,NA,0,0,NA,NA
390,139,0,NA,NA,NA,0,NA,NA,NA
391,139,NA,NA,NA,NA,NA,NA,NA,NA
392,139,1,NA,NA,NA,0,NA,NA,NA
394,139,NA,NA,NA,NA,NA,NA,NA,NA
395,139,1,NA,NA,NA,0,NA,NA,NA
396,139,NA,NA,NA,NA,NA,NA,NA,NA
397,139,0,NA,NA,NA,0,NA,NA,NA
399,139,NA,NA,NA,NA,NA,NA,NA,NA
400,139,1,NA,NA,NA,0,NA,NA,NA
402,139,NA,NA,NA,NA,NA,NA,NA,NA
403,139,0,NA,NA,NA,0,NA,NA,NA
404,139,NA,NA,NA,NA,NA,NA,NA,NA
405,139,NA,NA,NA,NA,NA,NA,NA,NA
406,139,NA,NA,NA,NA,NA,NA,NA,NA
408,139,NA,NA,NA,NA,NA,NA,NA,NA
409,139,NA,NA,NA,NA,NA,NA,NA,NA
410,139,0,NA,NA,NA,0,NA,NA,NA
411,139,NA,NA,NA,NA,NA,NA,NA,NA
413,139,NA,NA,NA,NA,NA,NA,NA,NA
415,139,NA,NA,NA,NA,NA,NA,NA,NA
417,139,0,NA,NA,NA,0,NA,NA,NA
418,139,0,NA,NA,NA,0,NA,NA,NA
419,139,0,NA,NA,NA,0,NA,NA,NA
420,139,0,NA,NA,NA,0,NA,NA,NA
421,139,0,NA,NA,NA,0,NA,NA,NA
422,139,NA,NA,NA,NA,NA,NA,NA,NA
423,139,NA,NA,NA,NA,NA,NA,NA,NA
424,139,0,NA,NA,NA,0,NA,NA,NA
425,139,NA,NA,NA,NA,NA,NA,NA,NA
426,139,NA,NA,NA,NA,NA,NA,NA,NA
427,139,1,NA,NA,NA,0,NA,NA,NA
428,139,NA,NA,NA,NA,NA,NA,NA,NA
429,139,NA,NA,NA,NA,NA,NA,NA,NA
430,139,NA,NA,NA,NA,NA,NA,NA,NA
431,139,NA,NA,NA,NA,NA,NA,NA,NA
432,139,1,0,NA,NA,0,0,NA,NA
433,139,0,NA,NA,NA,0,NA,NA,NA
434,139,NA,NA,NA,NA,NA,NA,NA,NA
435,139,NA,NA,NA,NA,NA,NA,NA,NA
436,139,0,NA,NA,NA,0,NA,NA,NA
437,139,NA,NA,NA,NA,NA,NA,NA,NA
438,139,NA,NA,NA,NA,NA,NA,NA,NA
439,139,NA,NA,NA,NA,NA,NA,NA,NA
440,139,NA,NA,NA,NA,NA,NA,NA,NA
441,139,NA,NA,NA,NA,NA,NA,NA,NA
443,139,1,NA,NA,NA,0,NA,NA,NA
446,139,NA,NA,NA,NA,NA,NA,NA,NA
448,139,NA,NA,NA,NA,NA,NA,NA,NA
449,139,0,NA,NA,NA,0,NA,NA,NA
450,139,0,NA,NA,NA,0,NA,NA,NA
451,139,0,NA,NA,NA,0,NA,NA,NA
452,139,1,NA,NA,NA,0,NA,NA,NA
453,139,0,NA,NA,NA,0,NA,NA,NA
454,139,0,NA,NA,NA,0,NA,NA,NA
456,139,1,NA,NA,NA,0,NA,NA,NA
457,139,NA,NA,NA,NA,NA,NA,NA,NA
458,139,0,NA,NA,NA,0,NA,NA,NA
459,139,0,NA,NA,NA,0,NA,NA,NA
460,139,NA,NA,NA,NA,NA,NA,NA,NA
462,139,NA,NA,NA,NA,NA,NA,NA,NA
463,139,NA,NA,NA,NA,NA,NA,NA,NA
465,139,0,NA,NA,NA,0,NA,NA,NA
466,139,0,NA,NA,NA,0,NA,NA,NA
467,139,1,NA,NA,NA,0,NA,NA,NA
468,139,0,NA,NA,NA,0,NA,NA,NA
469,139,0,NA,NA,NA,0,NA,NA,NA
470,139,NA,NA,NA,NA,NA,NA,NA,NA
471,139,NA,NA,NA,NA,NA,NA,NA,NA
472,139,NA,NA,NA,NA,NA,NA,NA,NA
475,139,NA,NA,NA,NA,NA,NA,NA,NA
476,139,NA,NA,NA,NA,NA,NA,NA,NA
477,139,NA,NA,NA,NA,NA,NA,NA,NA
478,139,0,NA,NA,NA,0,NA,NA,NA
479,139,0,NA,NA,NA,0,NA,NA,NA
480,139,1,NA,NA,NA,0,NA,NA,NA
482,139,NA,NA,NA,NA,NA,NA,NA,NA
483,139,0,NA,NA,NA,0,NA,NA,NA
484,139,NA,NA,NA,NA,NA,NA,NA,NA
485,139,1,NA,NA,NA,0,NA,NA,NA
486,139,NA,NA,NA,NA,NA,NA,NA,NA
487,139,0,NA,NA,NA,0,NA,NA,NA
488,139,1,NA,NA,NA,0,NA,NA,NA
489,139,NA,NA,NA,NA,NA,NA,NA,NA
490,139,0,NA,NA,NA,0,NA,NA,NA
491,139,0,NA,NA,NA,0,NA,NA,NA
492,139,0,NA,NA,NA,0,NA,NA,NA
495,139,1,NA,NA,NA,0,NA,NA,NA
496,139,1,NA,NA,NA,0,NA,NA,NA
497,139,0,NA,NA,NA,0,NA,NA,NA
498,139,0,NA,NA,NA,0,NA,NA,NA
499,139,NA,NA,NA,NA,NA,NA,NA,NA
500,139,1,NA,NA,NA,0,NA,NA,NA
501,139,NA,NA,NA,NA,NA,NA,NA,NA
502,139,NA,NA,NA,NA,NA,NA,NA,NA
503,139,NA,NA,NA,NA,NA,NA,NA,NA
504,139,NA,NA,NA,NA,NA,NA,NA,NA
505,139,NA,NA,NA,NA,NA,NA,NA,NA
506,139,NA,NA,NA,NA,NA,NA,NA,NA
507,139,NA,NA,NA,NA,NA,NA,NA,NA
508,139,0,NA,NA,NA,0,NA,NA,NA
509,139,0,0,NA,NA,0,0,NA,NA
510,139,0,NA,NA,NA,0,NA,NA,NA
511,139,1,NA,NA,NA,0,NA,NA,NA
512,139,NA,NA,NA,NA,NA,NA,NA,NA
514,139,0,NA,NA,NA,0,NA,NA,NA
515,139,0,NA,NA,NA,0,NA,NA,NA
516,139,0,NA,NA,NA,0,NA,NA,NA
517,139,0,NA,NA,NA,0,NA,NA,NA
518,139,1,NA,NA,NA,0,NA,NA,NA
520,139,NA,NA,NA,NA,NA,NA,NA,NA
522,139,NA,NA,NA,NA,NA,NA,NA,NA
523,139,NA,NA,NA,NA,NA,NA,NA,NA
527,139,NA,NA,NA,NA,NA,NA,NA,NA
528,139,0,NA,NA,NA,0,NA,NA,NA
529,139,0,NA,NA,NA,0,NA,NA,NA
530,139,1,NA,NA,NA,0,NA,NA,NA
531,139,NA,NA,NA,NA,NA,NA,NA,NA
533,139,1,NA,NA,NA,0,NA,NA,NA
535,139,NA,NA,NA,NA,NA,NA,NA,NA
536,139,0,NA,NA,NA,0,NA,NA,NA
540,139,1,NA,NA,NA,0,NA,NA,NA
541,139,1,1,NA,NA,0,0,NA,NA
542,139,1,NA,NA,NA,0,NA,NA,NA
543,139,1,NA,NA,NA,0,NA,NA,NA
544,139,1,NA,NA,NA,0,NA,NA,NA
545,139,NA,NA,NA,NA,NA,NA,NA,NA
547,139,1,NA,NA,NA,0,NA,NA,NA
548,139,0,NA,NA,NA,0,NA,NA,NA
549,139,0,NA,NA,NA,0,NA,NA,NA
550,139,NA,NA,NA,NA,NA,NA,NA,NA
551,139,NA,NA,NA,NA,NA,NA,NA,NA
552,139,NA,NA,NA,NA,NA,NA,NA,NA
553,139,1,NA,NA,NA,0,NA,NA,NA
554,139,1,NA,NA,NA,0,NA,NA,NA
555,139,1,NA,NA,NA,0,NA,NA,NA
556,139,1,NA,NA,NA,0,NA,NA,NA
557,139,NA,NA,NA,NA,NA,NA,NA,NA
558,139,0,NA,NA,NA,0,NA,NA,NA
559,139,0,NA,NA,NA,0,NA,NA,NA
560,139,1,NA,NA,NA,0,NA,NA,NA
561,139,NA,NA,NA,NA,NA,NA,NA,NA
562,139,NA,NA,NA,NA,NA,NA,NA,NA
563,139,NA,NA,NA,NA,NA,NA,NA,NA
564,139,0,NA,NA,NA,0,NA,NA,NA
565,139,0,NA,NA,NA,0,NA,NA,NA
566,139,NA,NA,NA,NA,NA,NA,NA,NA
567,139,1,NA,NA,NA,0,NA,NA,NA
568,139,0,NA,NA,NA,0,NA,NA,NA
569,139,NA,NA,NA,NA,NA,NA,NA,NA
570,139,0,NA,NA,NA,0,NA,NA,NA
572,139,0,NA,NA,NA,0,NA,NA,NA
574,139,1,NA,NA,NA,0,NA,NA,NA
575,139,0,NA,NA,NA,0,NA,NA,NA
576,139,1,NA,NA,NA,0,NA,NA,NA
578,139,1,NA,NA,NA,0,NA,NA,NA
579,139,0,NA,NA,NA,0,NA,NA,NA
581,139,NA,NA,NA,NA,NA,NA,NA,NA
582,139,0,NA,NA,NA,0,NA,NA,NA
583,139,0,NA,NA,NA,0,NA,NA,NA
584,139,0,NA,NA,NA,0,NA,NA,NA
586,139,0,NA,NA,NA,0,NA,NA,NA
587,139,NA,NA,NA,NA,NA,NA,NA,NA
589,139,NA,NA,NA,NA,NA,NA,NA,NA
590,139,0,NA,NA,NA,0,NA,NA,NA
591,139,0,NA,NA,NA,0,NA,NA,NA
592,139,0,NA,NA,NA,0,NA,NA,NA
593,139,1,NA,NA,NA,0,NA,NA,NA
594,139,1,NA,NA,NA,0,NA,NA,NA
595,139,0,NA,NA,NA,0,NA,NA,NA
597,139,NA,NA,NA,NA,NA,NA,NA,NA
599,139,NA,NA,NA,NA,NA,NA,NA,NA
601,139,0,NA,NA,NA,0,NA,NA,NA
602,139,NA,NA,NA,NA,NA,NA,NA,NA
603,139,NA,NA,NA,NA,NA,NA,NA,NA
604,139,1,NA,NA,NA,0,NA,NA,NA
605,139,NA,NA,NA,NA,NA,NA,NA,NA
606,139,NA,NA,NA,NA,NA,NA,NA,NA
607,139,1,NA,NA,NA,0,NA,NA,NA
608,139,1,NA,NA,NA,0,NA,NA,NA
609,139,NA,NA,NA,NA,NA,NA,NA,NA
610,139,0,NA,NA,NA,0,NA,NA,NA
611,139,1,NA,NA,NA,0,NA,NA,NA
612,139,0,NA,NA,NA,0,NA,NA,NA
613,139,NA,NA,NA,NA,NA,NA,NA,NA
614,139,1,NA,NA,NA,0,NA,NA,NA
615,139,NA,NA,NA,NA,NA,NA,NA,NA
616,139,1,NA,NA,NA,0,NA,NA,NA
618,139,0,NA,NA,NA,0,NA,NA,NA
619,139,0,NA,NA,NA,0,NA,NA,NA
620,139,NA,NA,NA,NA,NA,NA,NA,NA
621,139,1,NA,NA,NA,0,NA,NA,NA
622,139,0,NA,NA,NA,0,NA,NA,NA
623,139,1,NA,NA,NA,0,NA,NA,NA
624,139,NA,NA,NA,NA,NA,NA,NA,NA
625,139,0,NA,NA,NA,0,NA,NA,NA
626,139,1,NA,NA,NA,0,NA,NA,NA
627,139,1,NA,NA,NA,0,NA,NA,NA
628,139,1,NA,NA,NA,0,NA,NA,NA
629,139,NA,NA,NA,NA,NA,NA,NA,NA
630,139,0,NA,NA,NA,0,NA,NA,NA
631,139,0,NA,NA,NA,0,NA,NA,NA
632,139,0,NA,NA,NA,0,NA,NA,NA
636,139,NA,NA,NA,NA,NA,NA,NA,NA
638,139,0,NA,NA,NA,0,NA,NA,NA
639,139,1,NA,NA,NA,1,NA,NA,NA
640,139,NA,NA,NA,NA,NA,NA,NA,NA
642,139,NA,NA,NA,NA,NA,NA,NA,NA
643,139,1,NA,NA,NA,0,NA,NA,NA
644,139,1,NA,NA,NA,0,NA,NA,NA
645,139,NA,NA,NA,NA,NA,NA,NA,NA
646,139,1,NA,NA,NA,0,NA,NA,NA
647,139,1,NA,NA,NA,0,NA,NA,NA
650,139,0,NA,NA,NA,0,NA,NA,NA
652,139,0,NA,NA,NA,0,NA,NA,NA
653,139,NA,NA,NA,NA,NA,NA,NA,NA
654,139,0,NA,NA,NA,0,NA,NA,NA
655,139,NA,NA,NA,NA,NA,NA,NA,NA
656,139,NA,NA,NA,NA,NA,NA,NA,NA
657,139,NA,NA,NA,NA,NA,NA,NA,NA
658,139,1,NA,NA,NA,0,NA,NA,NA
659,139,NA,NA,NA,NA,NA,NA,NA,NA
660,139,NA,NA,NA,NA,NA,NA,NA,NA
661,139,NA,NA,NA,NA,NA,NA,NA,NA
662,139,0,NA,NA,NA,0,NA,NA,NA
663,139,NA,NA,NA,NA,NA,NA,NA,NA
664,139,NA,NA,NA,NA,NA,NA,NA,NA
665,139,0,NA,NA,NA,0,NA,NA,NA
667,139,0,NA,NA,NA,0,NA,NA,NA
669,139,NA,NA,NA,NA,NA,NA,NA,NA
670,139,NA,NA,NA,NA,NA,NA,NA,NA
671,139,NA,NA,NA,NA,NA,NA,NA,NA
672,139,NA,NA,NA,NA,NA,NA,NA,NA
673,139,1,NA,NA,NA,0,NA,NA,NA
674,139,0,NA,NA,NA,0,NA,NA,NA
675,139,0,NA,NA,NA,0,NA,NA,NA
676,139,NA,NA,NA,NA,NA,NA,NA,NA
677,139,NA,NA,NA,NA,NA,NA,NA,NA
678,139,1,NA,NA,NA,0,NA,NA,NA
679,139,0,NA,NA,NA,0,NA,NA,NA
680,139,1,NA,NA,NA,0,NA,NA,NA
681,139,0,NA,NA,NA,0,NA,NA,NA
684,139,NA,NA,NA,NA,NA,NA,NA,NA
686,139,NA,NA,NA,NA,NA,NA,NA,NA
687,139,0,NA,NA,NA,0,NA,NA,NA
688,139,1,NA,NA,NA,0,NA,NA,NA
689,139,NA,NA,NA,NA,NA,NA,NA,NA
691,139,NA,NA,NA,NA,NA,NA,NA,NA
693,139,0,NA,NA,NA,0,NA,NA,NA
694,139,NA,NA,NA,NA,NA,NA,NA,NA
695,139,NA,NA,NA,NA,NA,NA,NA,NA
696,139,NA,NA,NA,NA,NA,NA,NA,NA
697,139,1,NA,NA,NA,0,NA,NA,NA
698,139,0,NA,NA,NA,0,NA,NA,NA
699,139,NA,NA,NA,NA,NA,NA,NA,NA
703,139,NA,NA,NA,NA,NA,NA,NA,NA
704,139,NA,NA,NA,NA,NA,NA,NA,NA
705,139,NA,NA,NA,NA,NA,NA,NA,NA
706,139,1,NA,NA,NA,0,NA,NA,NA
708,139,1,NA,NA,NA,0,NA,NA,NA
709,139,1,NA,NA,NA,0,NA,NA,NA
710,139,0,NA,NA,NA,0,NA,NA,NA
711,139,0,NA,NA,NA,0,NA,NA,NA
712,139,0,NA,NA,NA,0,NA,NA,NA
713,139,0,NA,NA,NA,0,NA,NA,NA
714,139,0,NA,NA,NA,0,NA,NA,NA
716,139,0,NA,NA,NA,0,NA,NA,NA
717,139,1,1,NA,NA,0,0,NA,NA
718,139,NA,NA,NA,NA,NA,NA,NA,NA
719,139,1,NA,NA,NA,0,NA,NA,NA
720,139,NA,NA,NA,NA,NA,NA,NA,NA
721,139,NA,NA,NA,NA,NA,NA,NA,NA
722,139,NA,NA,NA,NA,NA,NA,NA,NA
723,139,NA,NA,NA,NA,NA,NA,NA,NA
724,139,1,NA,NA,NA,0,NA,NA,NA
725,139,NA,NA,NA,NA,NA,NA,NA,NA
726,139,NA,NA,NA,NA,NA,NA,NA,NA
727,139,1,NA,NA,NA,0,NA,NA,NA
728,139,1,NA,NA,NA,0,NA,NA,NA
729,139,1,NA,NA,NA,0,NA,NA,NA
730,139,NA,NA,NA,NA,NA,NA,NA,NA
732,139,NA,NA,NA,NA,NA,NA,NA,NA
733,139,NA,NA,NA,NA,NA,NA,NA,NA
736,139,0,NA,NA,NA,0,NA,NA,NA
737,139,NA,NA,NA,NA,NA,NA,NA,NA
741,139,0,NA,NA,NA,0,NA,NA,NA
742,139,0,NA,NA,NA,0,NA,NA,NA
743,139,0,NA,NA,NA,0,NA,NA,NA
744,139,0,NA,NA,NA,0,NA,NA,NA
745,139,NA,NA,NA,NA,NA,NA,NA,NA
746,139,NA,NA,NA,NA,NA,NA,NA,NA
747,139,0,NA,NA,NA,0,NA,NA,NA
748,139,0,NA,NA,NA,0,NA,NA,NA
750,139,NA,NA,NA,NA,NA,NA,NA,NA
751,139,NA,NA,NA,NA,NA,NA,NA,NA
752,139,0,NA,NA,NA,0,NA,NA,NA
753,139,NA,NA,NA,NA,NA,NA,NA,NA
755,139,NA,NA,NA,NA,NA,NA,NA,NA
756,139,NA,NA,NA,NA,NA,NA,NA,NA
757,139,NA,NA,NA,NA,NA,NA,NA,NA
758,139,NA,NA,NA,NA,NA,NA,NA,NA
759,139,NA,NA,NA,NA,NA,NA,NA,NA
760,139,NA,NA,NA,NA,NA,NA,NA,NA
761,139,NA,NA,NA,NA,NA,NA,NA,NA
762,139,NA,NA,NA,NA,NA,NA,NA,NA
763,139,NA,NA,NA,NA,NA,NA,NA,NA
764,139,NA,NA,NA,NA,NA,NA,NA,NA
765,139,NA,NA,NA,NA,NA,NA,NA,NA
766,139,NA,NA,NA,NA,NA,NA,NA,NA
767,139,NA,NA,NA,NA,NA,NA,NA,NA
768,139,NA,NA,NA,NA,NA,NA,NA,NA
769,139,NA,NA,NA,NA,NA,NA,NA,NA
770,139,NA,NA,NA,NA,NA,NA,NA,NA
773,139,NA,NA,NA,NA,NA,NA,NA,NA
774,139,NA,NA,NA,NA,NA,NA,NA,NA
775,139,NA,NA,NA,NA,NA,NA,NA,NA
776,139,NA,NA,NA,NA,NA,NA,NA,NA
777,139,NA,NA,NA,NA,NA,NA,NA,NA
778,139,NA,NA,NA,NA,NA,NA,NA,NA
779,139,NA,NA,NA,NA,NA,NA,NA,NA
781,139,NA,NA,NA,NA,NA,NA,NA,NA
1,159,NA,NA,NA,NA,NA,NA,NA,NA
2,159,NA,NA,NA,NA,NA,NA,NA,NA
3,159,NA,NA,NA,NA,NA,NA,NA,NA
4,159,NA,NA,NA,NA,NA,NA,NA,NA
5,159,NA,NA,NA,NA,NA,NA,NA,NA
6,159,NA,NA,NA,NA,NA,NA,NA,NA
8,159,NA,NA,NA,NA,NA,NA,NA,NA
9,159,NA,NA,NA,NA,NA,NA,NA,NA
10,159,NA,NA,NA,NA,NA,NA,NA,NA
11,159,NA,NA,NA,NA,NA,NA,NA,NA
12,159,NA,NA,NA,NA,NA,NA,NA,NA
13,159,NA,NA,NA,NA,NA,NA,NA,NA
14,159,1,NA,NA,NA,0,NA,NA,NA
15,159,NA,NA,NA,NA,NA,NA,NA,NA
16,159,1,NA,NA,NA,0,NA,NA,NA
17,159,NA,NA,NA,NA,NA,NA,NA,NA
18,159,NA,NA,NA,NA,NA,NA,NA,NA
19,159,NA,NA,NA,NA,NA,NA,NA,NA
20,159,NA,NA,NA,NA,NA,NA,NA,NA
21,159,NA,NA,NA,NA,NA,NA,NA,NA
22,159,1,NA,NA,NA,0,NA,NA,NA
23,159,1,NA,NA,NA,0,NA,NA,NA
24,159,1,NA,NA,NA,0,NA,NA,NA
25,159,NA,NA,NA,NA,NA,NA,NA,NA
26,159,NA,NA,NA,NA,NA,NA,NA,NA
29,159,NA,NA,NA,NA,NA,NA,NA,NA
31,159,NA,NA,NA,NA,NA,NA,NA,NA
32,159,NA,NA,NA,NA,NA,NA,NA,NA
33,159,NA,NA,NA,NA,NA,NA,NA,NA
35,159,NA,NA,NA,NA,NA,NA,NA,NA
40,159,NA,NA,NA,NA,NA,NA,NA,NA
41,159,NA,NA,NA,NA,NA,NA,NA,NA
42,159,1,NA,NA,NA,0,NA,NA,NA
43,159,NA,NA,NA,NA,NA,NA,NA,NA
44,159,NA,NA,NA,NA,NA,NA,NA,NA
45,159,0,NA,NA,NA,0,NA,NA,NA
46,159,NA,NA,NA,NA,NA,NA,NA,NA
47,159,NA,NA,NA,NA,NA,NA,NA,NA
48,159,NA,NA,NA,NA,NA,NA,NA,NA
49,159,NA,NA,NA,NA,NA,NA,NA,NA
50,159,0,NA,NA,NA,0,NA,NA,NA
51,159,1,NA,NA,NA,0,NA,NA,NA
52,159,NA,NA,NA,NA,NA,NA,NA,NA
53,159,NA,NA,NA,NA,NA,NA,NA,NA
54,159,NA,NA,NA,NA,NA,NA,NA,NA
55,159,NA,NA,NA,NA,NA,NA,NA,NA
56,159,NA,NA,NA,NA,NA,NA,NA,NA
57,159,NA,NA,NA,NA,NA,NA,NA,NA
58,159,0,NA,NA,NA,0,NA,NA,NA
59,159,1,NA,NA,NA,0,NA,NA,NA
60,159,1,NA,NA,NA,0,NA,NA,NA
61,159,NA,NA,NA,NA,NA,NA,NA,NA
62,159,1,NA,NA,NA,0,NA,NA,NA
63,159,0,NA,NA,NA,0,NA,NA,NA
64,159,NA,NA,NA,NA,NA,NA,NA,NA
65,159,NA,NA,NA,NA,NA,NA,NA,NA
66,159,NA,NA,NA,NA,NA,NA,NA,NA
68,159,NA,NA,NA,NA,NA,NA,NA,NA
69,159,NA,NA,NA,NA,NA,NA,NA,NA
70,159,NA,NA,NA,NA,NA,NA,NA,NA
71,159,NA,NA,NA,NA,NA,NA,NA,NA
73,159,NA,NA,NA,NA,NA,NA,NA,NA
74,159,NA,NA,NA,NA,NA,NA,NA,NA
75,159,0,NA,NA,NA,0,NA,NA,NA
76,159,NA,NA,NA,NA,NA,NA,NA,NA
77,159,NA,NA,NA,NA,NA,NA,NA,NA
78,159,NA,NA,NA,NA,NA,NA,NA,NA
79,159,NA,NA,NA,NA,NA,NA,NA,NA
80,159,1,NA,NA,NA,0,NA,NA,NA
81,159,NA,NA,NA,NA,NA,NA,NA,NA
82,159,NA,NA,NA,NA,NA,NA,NA,NA
83,159,NA,NA,NA,NA,NA,NA,NA,NA
84,159,NA,NA,NA,NA,NA,NA,NA,NA
85,159,NA,NA,NA,NA,NA,NA,NA,NA
86,159,NA,NA,NA,NA,NA,NA,NA,NA
87,159,NA,NA,NA,NA,NA,NA,NA,NA
88,159,NA,NA,NA,NA,NA,NA,NA,NA
89,159,NA,NA,NA,NA,NA,NA,NA,NA
90,159,NA,NA,NA,NA,NA,NA,NA,NA
91,159,NA,NA,NA,NA,NA,NA,NA,NA
92,159,NA,NA,NA,NA,NA,NA,NA,NA
93,159,NA,NA,NA,NA,NA,NA,NA,NA
94,159,NA,NA,NA,NA,NA,NA,NA,NA
95,159,NA,NA,NA,NA,NA,NA,NA,NA
96,159,0,NA,NA,NA,0,NA,NA,NA
97,159,NA,NA,NA,NA,NA,NA,NA,NA
98,159,NA,NA,NA,NA,NA,NA,NA,NA
99,159,NA,NA,NA,NA,NA,NA,NA,NA
103,159,NA,NA,NA,NA,NA,NA,NA,NA
104,159,NA,NA,NA,NA,NA,NA,NA,NA
105,159,NA,NA,NA,NA,NA,NA,NA,NA
106,159,NA,NA,NA,NA,NA,NA,NA,NA
107,159,NA,NA,NA,NA,NA,NA,NA,NA
108,159,0,NA,NA,NA,0,NA,NA,NA
109,159,0,NA,NA,NA,0,NA,NA,NA
110,159,NA,NA,NA,NA,NA,NA,NA,NA
111,159,NA,NA,NA,NA,NA,NA,NA,NA
112,159,NA,NA,NA,NA,NA,NA,NA,NA
113,159,NA,NA,NA,NA,NA,NA,NA,NA
114,159,NA,NA,NA,NA,NA,NA,NA,NA
116,159,NA,NA,NA,NA,NA,NA,NA,NA
117,159,NA,NA,NA,NA,NA,NA,NA,NA
118,159,NA,NA,NA,NA,NA,NA,NA,NA
119,159,NA,NA,NA,NA,NA,NA,NA,NA
120,159,NA,NA,NA,NA,NA,NA,NA,NA
121,159,NA,NA,NA,NA,NA,NA,NA,NA
122,159,0,NA,NA,NA,0,NA,NA,NA
123,159,NA,NA,NA,NA,NA,NA,NA,NA
124,159,NA,NA,NA,NA,NA,NA,NA,NA
125,159,NA,NA,NA,NA,NA,NA,NA,NA
126,159,NA,NA,NA,NA,NA,NA,NA,NA
127,159,NA,NA,NA,NA,NA,NA,NA,NA
128,159,NA,NA,NA,NA,NA,NA,NA,NA
129,159,NA,NA,NA,NA,NA,NA,NA,NA
130,159,NA,NA,NA,NA,NA,NA,NA,NA
131,159,NA,NA,NA,NA,NA,NA,NA,NA
132,159,NA,NA,NA,NA,NA,NA,NA,NA
133,159,NA,NA,NA,NA,NA,NA,NA,NA
134,159,NA,NA,NA,NA,NA,NA,NA,NA
135,159,NA,NA,NA,NA,NA,NA,NA,NA
136,159,NA,NA,NA,NA,NA,NA,NA,NA
137,159,NA,NA,NA,NA,NA,NA,NA,NA
138,159,NA,NA,NA,NA,NA,NA,NA,NA
139,159,NA,NA,NA,NA,NA,NA,NA,NA
140,159,NA,NA,NA,NA,NA,NA,NA,NA
141,159,NA,NA,NA,NA,NA,NA,NA,NA
142,159,NA,NA,NA,NA,NA,NA,NA,NA
143,159,NA,NA,NA,NA,NA,NA,NA,NA
144,159,1,NA,NA,NA,0,NA,NA,NA
145,159,1,NA,NA,NA,0,NA,NA,NA
146,159,0,NA,NA,NA,0,NA,NA,NA
147,159,NA,NA,NA,NA,NA,NA,NA,NA
148,159,NA,NA,NA,NA,NA,NA,NA,NA
149,159,NA,NA,NA,NA,NA,NA,NA,NA
150,159,NA,NA,NA,NA,NA,NA,NA,NA
151,159,NA,NA,NA,NA,NA,NA,NA,NA
152,159,NA,NA,NA,NA,NA,NA,NA,NA
153,159,NA,NA,NA,NA,NA,NA,NA,NA
154,159,NA,NA,NA,NA,NA,NA,NA,NA
155,159,NA,NA,NA,NA,NA,NA,NA,NA
156,159,NA,NA,NA,NA,NA,NA,NA,NA
157,159,NA,NA,NA,NA,NA,NA,NA,NA
158,159,NA,NA,NA,NA,NA,NA,NA,NA
159,159,NA,NA,NA,NA,NA,NA,NA,NA
160,159,NA,NA,NA,NA,NA,NA,NA,NA
161,159,NA,NA,NA,NA,NA,NA,NA,NA
162,159,NA,NA,NA,NA,NA,NA,NA,NA
163,159,1,NA,NA,NA,0,NA,NA,NA
164,159,1,NA,NA,NA,0,NA,NA,NA
165,159,NA,NA,NA,NA,NA,NA,NA,NA
166,159,NA,NA,NA,NA,NA,NA,NA,NA
167,159,NA,NA,NA,NA,NA,NA,NA,NA
168,159,0,NA,NA,NA,0,NA,NA,NA
169,159,0,NA,NA,NA,0,NA,NA,NA
170,159,NA,NA,NA,NA,NA,NA,NA,NA
171,159,NA,NA,NA,NA,NA,NA,NA,NA
172,159,NA,NA,NA,NA,NA,NA,NA,NA
173,159,NA,NA,NA,NA,NA,NA,NA,NA
175,159,1,NA,NA,NA,0,NA,NA,NA
176,159,0,NA,NA,NA,0,NA,NA,NA
177,159,NA,NA,NA,NA,NA,NA,NA,NA
179,159,1,NA,NA,NA,0,NA,NA,NA
180,159,NA,NA,NA,NA,NA,NA,NA,NA
181,159,NA,NA,NA,NA,NA,NA,NA,NA
182,159,NA,NA,NA,NA,NA,NA,NA,NA
183,159,NA,NA,NA,NA,NA,NA,NA,NA
184,159,1,NA,NA,NA,0,NA,NA,NA
185,159,NA,NA,NA,NA,NA,NA,NA,NA
186,159,NA,NA,NA,NA,NA,NA,NA,NA
187,159,NA,NA,NA,NA,NA,NA,NA,NA
188,159,NA,NA,NA,NA,NA,NA,NA,NA
189,159,1,NA,NA,NA,0,NA,NA,NA
190,159,NA,NA,NA,NA,NA,NA,NA,NA
191,159,NA,NA,NA,NA,NA,NA,NA,NA
192,159,NA,NA,NA,NA,NA,NA,NA,NA
193,159,NA,NA,NA,NA,NA,NA,NA,NA
194,159,NA,NA,NA,NA,NA,NA,NA,NA
195,159,NA,NA,NA,NA,NA,NA,NA,NA
196,159,NA,NA,NA,NA,NA,NA,NA,NA
197,159,NA,NA,NA,NA,NA,NA,NA,NA
198,159,NA,NA,NA,NA,NA,NA,NA,NA
199,159,0,NA,NA,NA,0,NA,NA,NA
200,159,NA,NA,NA,NA,NA,NA,NA,NA
201,159,NA,NA,NA,NA,NA,NA,NA,NA
202,159,NA,NA,NA,NA,NA,NA,NA,NA
203,159,NA,NA,NA,NA,NA,NA,NA,NA
204,159,NA,NA,NA,NA,NA,NA,NA,NA
205,159,NA,NA,NA,NA,NA,NA,NA,NA
207,159,NA,NA,NA,NA,NA,NA,NA,NA
208,159,NA,NA,NA,NA,NA,NA,NA,NA
209,159,NA,NA,NA,NA,NA,NA,NA,NA
210,159,NA,NA,NA,NA,NA,NA,NA,NA
211,159,0,NA,NA,NA,0,NA,NA,NA
212,159,NA,NA,NA,NA,NA,NA,NA,NA
213,159,NA,NA,NA,NA,NA,NA,NA,NA
214,159,NA,NA,NA,NA,NA,NA,NA,NA
215,159,0,NA,NA,NA,0,NA,NA,NA
216,159,NA,NA,NA,NA,NA,NA,NA,NA
217,159,NA,NA,NA,NA,NA,NA,NA,NA
218,159,NA,NA,NA,NA,NA,NA,NA,NA
219,159,NA,NA,NA,NA,NA,NA,NA,NA
220,159,NA,NA,NA,NA,NA,NA,NA,NA
221,159,NA,NA,NA,NA,NA,NA,NA,NA
222,159,NA,NA,NA,NA,NA,NA,NA,NA
223,159,NA,NA,NA,NA,NA,NA,NA,NA
224,159,NA,NA,NA,NA,NA,NA,NA,NA
225,159,NA,NA,NA,NA,NA,NA,NA,NA
226,159,NA,NA,NA,NA,NA,NA,NA,NA
227,159,0,NA,NA,NA,0,NA,NA,NA
228,159,NA,NA,NA,NA,NA,NA,NA,NA
229,159,NA,NA,NA,NA,NA,NA,NA,NA
230,159,0,NA,NA,NA,0,NA,NA,NA
231,159,NA,NA,NA,NA,NA,NA,NA,NA
232,159,NA,NA,NA,NA,NA,NA,NA,NA
233,159,NA,NA,NA,NA,NA,NA,NA,NA
234,159,NA,NA,NA,NA,NA,NA,NA,NA
235,159,NA,NA,NA,NA,NA,NA,NA,NA
236,159,NA,NA,NA,NA,NA,NA,NA,NA
237,159,NA,NA,NA,NA,NA,NA,NA,NA
238,159,NA,NA,NA,NA,NA,NA,NA,NA
239,159,1,NA,NA,NA,0,NA,NA,NA
240,159,NA,NA,NA,NA,NA,NA,NA,NA
241,159,NA,NA,NA,NA,NA,NA,NA,NA
242,159,NA,NA,NA,NA,NA,NA,NA,NA
243,159,NA,NA,NA,NA,NA,NA,NA,NA
244,159,NA,NA,NA,NA,NA,NA,NA,NA
245,159,0,NA,NA,NA,0,NA,NA,NA
246,159,NA,NA,NA,NA,NA,NA,NA,NA
247,159,NA,NA,NA,NA,NA,NA,NA,NA
248,159,NA,NA,NA,NA,NA,NA,NA,NA
249,159,NA,NA,NA,NA,NA,NA,NA,NA
250,159,NA,NA,NA,NA,NA,NA,NA,NA
251,159,1,NA,NA,NA,0,NA,NA,NA
252,159,NA,NA,NA,NA,NA,NA,NA,NA
253,159,NA,NA,NA,NA,NA,NA,NA,NA
254,159,1,NA,NA,NA,0,NA,NA,NA
255,159,NA,NA,NA,NA,NA,NA,NA,NA
256,159,NA,NA,NA,NA,NA,NA,NA,NA
257,159,NA,NA,NA,NA,NA,NA,NA,NA
258,159,NA,NA,NA,NA,NA,NA,NA,NA
259,159,1,NA,NA,NA,1,NA,NA,NA
260,159,NA,NA,NA,NA,NA,NA,NA,NA
261,159,0,NA,NA,NA,0,NA,NA,NA
263,159,NA,NA,NA,NA,NA,NA,NA,NA
264,159,NA,NA,NA,NA,NA,NA,NA,NA
265,159,NA,NA,NA,NA,NA,NA,NA,NA
266,159,NA,NA,NA,NA,NA,NA,NA,NA
267,159,NA,NA,NA,NA,NA,NA,NA,NA
268,159,NA,NA,NA,NA,NA,NA,NA,NA
269,159,1,NA,NA,NA,0,NA,NA,NA
270,159,NA,NA,NA,NA,NA,NA,NA,NA
271,159,NA,NA,NA,NA,NA,NA,NA,NA
272,159,NA,NA,NA,NA,NA,NA,NA,NA
273,159,NA,NA,NA,NA,NA,NA,NA,NA
274,159,NA,NA,NA,NA,NA,NA,NA,NA
275,159,NA,NA,NA,NA,NA,NA,NA,NA
276,159,1,NA,NA,NA,0,NA,NA,NA
278,159,NA,NA,NA,NA,NA,NA,NA,NA
279,159,NA,NA,NA,NA,NA,NA,NA,NA
280,159,NA,NA,NA,NA,NA,NA,NA,NA
281,159,1,NA,NA,NA,0,NA,NA,NA
282,159,NA,NA,NA,NA,NA,NA,NA,NA
283,159,NA,NA,NA,NA,NA,NA,NA,NA
284,159,0,NA,NA,NA,0,NA,NA,NA
285,159,NA,NA,NA,NA,NA,NA,NA,NA
286,159,NA,NA,NA,NA,NA,NA,NA,NA
287,159,NA,NA,NA,NA,NA,NA,NA,NA
288,159,NA,NA,NA,NA,NA,NA,NA,NA
289,159,NA,NA,NA,NA,NA,NA,NA,NA
290,159,NA,NA,NA,NA,NA,NA,NA,NA
291,159,1,NA,NA,NA,0,NA,NA,NA
292,159,1,NA,NA,NA,0,NA,NA,NA
293,159,NA,NA,NA,NA,NA,NA,NA,NA
294,159,NA,NA,NA,NA,NA,NA,NA,NA
295,159,NA,NA,NA,NA,NA,NA,NA,NA
296,159,NA,NA,NA,NA,NA,NA,NA,NA
297,159,NA,NA,NA,NA,NA,NA,NA,NA
298,159,NA,NA,NA,NA,NA,NA,NA,NA
299,159,NA,NA,NA,NA,NA,NA,NA,NA
300,159,NA,NA,NA,NA,NA,NA,NA,NA
301,159,NA,NA,NA,NA,NA,NA,NA,NA
302,159,NA,NA,NA,NA,NA,NA,NA,NA
303,159,NA,NA,NA,NA,NA,NA,NA,NA
304,159,NA,NA,NA,NA,NA,NA,NA,NA
305,159,NA,NA,NA,NA,NA,NA,NA,NA
306,159,NA,NA,NA,NA,NA,NA,NA,NA
307,159,1,NA,NA,NA,0,NA,NA,NA
308,159,NA,NA,NA,NA,NA,NA,NA,NA
309,159,NA,NA,NA,NA,NA,NA,NA,NA
310,159,NA,NA,NA,NA,NA,NA,NA,NA
311,159,1,NA,NA,NA,0,NA,NA,NA
312,159,NA,NA,NA,NA,NA,NA,NA,NA
314,159,NA,NA,NA,NA,NA,NA,NA,NA
315,159,NA,NA,NA,NA,NA,NA,NA,NA
316,159,NA,NA,NA,NA,NA,NA,NA,NA
317,159,NA,NA,NA,NA,NA,NA,NA,NA
318,159,NA,NA,NA,NA,NA,NA,NA,NA
319,159,NA,NA,NA,NA,NA,NA,NA,NA
320,159,NA,NA,NA,NA,NA,NA,NA,NA
321,159,NA,NA,NA,NA,NA,NA,NA,NA
322,159,NA,NA,NA,NA,NA,NA,NA,NA
323,159,NA,NA,NA,NA,NA,NA,NA,NA
324,159,NA,NA,NA,NA,NA,NA,NA,NA
325,159,NA,NA,NA,NA,NA,NA,NA,NA
326,159,NA,NA,NA,NA,NA,NA,NA,NA
327,159,NA,NA,NA,NA,NA,NA,NA,NA
328,159,NA,NA,NA,NA,NA,NA,NA,NA
329,159,NA,NA,NA,NA,NA,NA,NA,NA
330,159,NA,NA,NA,NA,NA,NA,NA,NA
331,159,0,NA,NA,NA,0,NA,NA,NA
332,159,NA,NA,NA,NA,NA,NA,NA,NA
333,159,NA,NA,NA,NA,NA,NA,NA,NA
334,159,NA,NA,NA,NA,NA,NA,NA,NA
335,159,0,NA,NA,NA,0,NA,NA,NA
336,159,NA,NA,NA,NA,NA,NA,NA,NA
337,159,1,NA,NA,NA,0,NA,NA,NA
338,159,NA,NA,NA,NA,NA,NA,NA,NA
339,159,NA,NA,NA,NA,NA,NA,NA,NA
340,159,NA,NA,NA,NA,NA,NA,NA,NA
341,159,NA,NA,NA,NA,NA,NA,NA,NA
342,159,NA,NA,NA,NA,NA,NA,NA,NA
343,159,NA,NA,NA,NA,NA,NA,NA,NA
344,159,NA,NA,NA,NA,NA,NA,NA,NA
345,159,NA,NA,NA,NA,NA,NA,NA,NA
346,159,0,NA,NA,NA,0,NA,NA,NA
347,159,1,NA,NA,NA,0,NA,NA,NA
348,159,NA,NA,NA,NA,NA,NA,NA,NA
349,159,NA,NA,NA,NA,NA,NA,NA,NA
350,159,1,NA,NA,NA,0,NA,NA,NA
351,159,1,NA,NA,NA,0,NA,NA,NA
352,159,NA,NA,NA,NA,NA,NA,NA,NA
353,159,NA,NA,NA,NA,NA,NA,NA,NA
354,159,NA,NA,NA,NA,NA,NA,NA,NA
355,159,NA,NA,NA,NA,NA,NA,NA,NA
356,159,NA,NA,NA,NA,NA,NA,NA,NA
357,159,NA,NA,NA,NA,NA,NA,NA,NA
358,159,NA,NA,NA,NA,NA,NA,NA,NA
359,159,NA,NA,NA,NA,NA,NA,NA,NA
360,159,NA,NA,NA,NA,NA,NA,NA,NA
361,159,1,NA,NA,NA,0,NA,NA,NA
362,159,0,NA,NA,NA,0,NA,NA,NA
363,159,NA,NA,NA,NA,NA,NA,NA,NA
364,159,NA,NA,NA,NA,NA,NA,NA,NA
365,159,0,NA,NA,NA,0,NA,NA,NA
366,159,NA,NA,NA,NA,NA,NA,NA,NA
367,159,NA,NA,NA,NA,NA,NA,NA,NA
368,159,NA,NA,NA,NA,NA,NA,NA,NA
369,159,0,NA,NA,NA,0,NA,NA,NA
370,159,NA,NA,NA,NA,NA,NA,NA,NA
371,159,NA,NA,NA,NA,NA,NA,NA,NA
372,159,NA,NA,NA,NA,NA,NA,NA,NA
373,159,NA,NA,NA,NA,NA,NA,NA,NA
374,159,NA,NA,NA,NA,NA,NA,NA,NA
375,159,NA,NA,NA,NA,NA,NA,NA,NA
376,159,NA,NA,NA,NA,NA,NA,NA,NA
377,159,0,NA,NA,NA,0,NA,NA,NA
378,159,NA,NA,NA,NA,NA,NA,NA,NA
379,159,NA,NA,NA,NA,NA,NA,NA,NA
380,159,NA,NA,NA,NA,NA,NA,NA,NA
381,159,NA,NA,NA,NA,NA,NA,NA,NA
382,159,NA,NA,NA,NA,NA,NA,NA,NA
383,159,NA,NA,NA,NA,NA,NA,NA,NA
384,159,NA,NA,NA,NA,NA,NA,NA,NA
385,159,NA,NA,NA,NA,NA,NA,NA,NA
386,159,NA,NA,NA,NA,NA,NA,NA,NA
389,159,NA,NA,NA,NA,NA,NA,NA,NA
390,159,NA,NA,NA,NA,NA,NA,NA,NA
391,159,NA,NA,NA,NA,NA,NA,NA,NA
392,159,NA,NA,NA,NA,NA,NA,NA,NA
394,159,NA,NA,NA,NA,NA,NA,NA,NA
395,159,NA,NA,NA,NA,NA,NA,NA,NA
396,159,NA,NA,NA,NA,NA,NA,NA,NA
397,159,NA,NA,NA,NA,NA,NA,NA,NA
399,159,NA,NA,NA,NA,NA,NA,NA,NA
400,159,NA,NA,NA,NA,NA,NA,NA,NA
402,159,NA,NA,NA,NA,NA,NA,NA,NA
403,159,NA,NA,NA,NA,NA,NA,NA,NA
404,159,NA,NA,NA,NA,NA,NA,NA,NA
405,159,NA,NA,NA,NA,NA,NA,NA,NA
406,159,NA,NA,NA,NA,NA,NA,NA,NA
408,159,NA,NA,NA,NA,NA,NA,NA,NA
409,159,NA,NA,NA,NA,NA,NA,NA,NA
410,159,NA,NA,NA,NA,NA,NA,NA,NA
411,159,NA,NA,NA,NA,NA,NA,NA,NA
413,159,NA,NA,NA,NA,NA,NA,NA,NA
415,159,NA,NA,NA,NA,NA,NA,NA,NA
417,159,NA,NA,NA,NA,NA,NA,NA,NA
418,159,0,NA,NA,NA,0,NA,NA,NA
419,159,NA,NA,NA,NA,NA,NA,NA,NA
420,159,NA,NA,NA,NA,NA,NA,NA,NA
421,159,NA,NA,NA,NA,NA,NA,NA,NA
422,159,NA,NA,NA,NA,NA,NA,NA,NA
423,159,NA,NA,NA,NA,NA,NA,NA,NA
424,159,NA,NA,NA,NA,NA,NA,NA,NA
425,159,1,NA,NA,NA,0,NA,NA,NA
426,159,NA,NA,NA,NA,NA,NA,NA,NA
427,159,NA,NA,NA,NA,NA,NA,NA,NA
428,159,NA,NA,NA,NA,NA,NA,NA,NA
429,159,NA,NA,NA,NA,NA,NA,NA,NA
430,159,NA,NA,NA,NA,NA,NA,NA,NA
431,159,NA,NA,NA,NA,NA,NA,NA,NA
432,159,NA,NA,NA,NA,NA,NA,NA,NA
433,159,NA,NA,NA,NA,NA,NA,NA,NA
434,159,NA,NA,NA,NA,NA,NA,NA,NA
435,159,NA,NA,NA,NA,NA,NA,NA,NA
436,159,NA,NA,NA,NA,NA,NA,NA,NA
437,159,NA,NA,NA,NA,NA,NA,NA,NA
438,159,NA,NA,NA,NA,NA,NA,NA,NA
439,159,NA,NA,NA,NA,NA,NA,NA,NA
440,159,NA,NA,NA,NA,NA,NA,NA,NA
441,159,NA,NA,NA,NA,NA,NA,NA,NA
443,159,NA,NA,NA,NA,NA,NA,NA,NA
446,159,NA,NA,NA,NA,NA,NA,NA,NA
448,159,NA,NA,NA,NA,NA,NA,NA,NA
449,159,NA,NA,NA,NA,NA,NA,NA,NA
450,159,NA,NA,NA,NA,NA,NA,NA,NA
451,159,NA,NA,NA,NA,NA,NA,NA,NA
452,159,NA,NA,NA,NA,NA,NA,NA,NA
453,159,NA,NA,NA,NA,NA,NA,NA,NA
454,159,0,NA,NA,NA,0,NA,NA,NA
456,159,NA,NA,NA,NA,NA,NA,NA,NA
457,159,NA,NA,NA,NA,NA,NA,NA,NA
458,159,NA,NA,NA,NA,NA,NA,NA,NA
459,159,NA,NA,NA,NA,NA,NA,NA,NA
460,159,NA,NA,NA,NA,NA,NA,NA,NA
462,159,NA,NA,NA,NA,NA,NA,NA,NA
463,159,NA,NA,NA,NA,NA,NA,NA,NA
465,159,NA,NA,NA,NA,NA,NA,NA,NA
466,159,NA,NA,NA,NA,NA,NA,NA,NA
467,159,NA,NA,NA,NA,NA,NA,NA,NA
468,159,NA,NA,NA,NA,NA,NA,NA,NA
469,159,NA,NA,NA,NA,NA,NA,NA,NA
470,159,NA,NA,NA,NA,NA,NA,NA,NA
471,159,NA,NA,NA,NA,NA,NA,NA,NA
472,159,NA,NA,NA,NA,NA,NA,NA,NA
475,159,NA,NA,NA,NA,NA,NA,NA,NA
476,159,NA,NA,NA,NA,NA,NA,NA,NA
477,159,NA,NA,NA,NA,NA,NA,NA,NA
478,159,NA,NA,NA,NA,NA,NA,NA,NA
479,159,NA,NA,NA,NA,NA,NA,NA,NA
480,159,NA,NA,NA,NA,NA,NA,NA,NA
482,159,NA,NA,NA,NA,NA,NA,NA,NA
483,159,1,NA,NA,NA,0,NA,NA,NA
484,159,NA,NA,NA,NA,NA,NA,NA,NA
485,159,NA,NA,NA,NA,NA,NA,NA,NA
486,159,NA,NA,NA,NA,NA,NA,NA,NA
487,159,NA,NA,NA,NA,NA,NA,NA,NA
488,159,NA,NA,NA,NA,NA,NA,NA,NA
489,159,NA,NA,NA,NA,NA,NA,NA,NA
490,159,NA,NA,NA,NA,NA,NA,NA,NA
491,159,NA,NA,NA,NA,NA,NA,NA,NA
492,159,NA,NA,NA,NA,NA,NA,NA,NA
495,159,NA,NA,NA,NA,NA,NA,NA,NA
496,159,NA,NA,NA,NA,NA,NA,NA,NA
497,159,NA,NA,NA,NA,NA,NA,NA,NA
498,159,NA,NA,NA,NA,NA,NA,NA,NA
499,159,NA,NA,NA,NA,NA,NA,NA,NA
500,159,NA,NA,NA,NA,NA,NA,NA,NA
501,159,NA,NA,NA,NA,NA,NA,NA,NA
502,159,NA,NA,NA,NA,NA,NA,NA,NA
503,159,NA,NA,NA,NA,NA,NA,NA,NA
504,159,NA,NA,NA,NA,NA,NA,NA,NA
505,159,NA,NA,NA,NA,NA,NA,NA,NA
506,159,NA,NA,NA,NA,NA,NA,NA,NA
507,159,NA,NA,NA,NA,NA,NA,NA,NA
508,159,NA,NA,NA,NA,NA,NA,NA,NA
509,159,NA,NA,NA,NA,NA,NA,NA,NA
510,159,NA,NA,NA,NA,NA,NA,NA,NA
511,159,NA,NA,NA,NA,NA,NA,NA,NA
512,159,NA,NA,NA,NA,NA,NA,NA,NA
514,159,NA,NA,NA,NA,NA,NA,NA,NA
515,159,NA,NA,NA,NA,NA,NA,NA,NA
516,159,NA,NA,NA,NA,NA,NA,NA,NA
517,159,NA,NA,NA,NA,NA,NA,NA,NA
518,159,NA,NA,NA,NA,NA,NA,NA,NA
520,159,NA,NA,NA,NA,NA,NA,NA,NA
522,159,NA,NA,NA,NA,NA,NA,NA,NA
523,159,NA,NA,NA,NA,NA,NA,NA,NA
527,159,NA,NA,NA,NA,NA,NA,NA,NA
528,159,NA,NA,NA,NA,NA,NA,NA,NA
529,159,NA,NA,NA,NA,NA,NA,NA,NA
530,159,NA,NA,NA,NA,NA,NA,NA,NA
531,159,NA,NA,NA,NA,NA,NA,NA,NA
533,159,NA,NA,NA,NA,NA,NA,NA,NA
535,159,NA,NA,NA,NA,NA,NA,NA,NA
536,159,NA,NA,NA,NA,NA,NA,NA,NA
540,159,NA,NA,NA,NA,NA,NA,NA,NA
541,159,NA,NA,NA,NA,NA,NA,NA,NA
542,159,1,NA,NA,NA,0,NA,NA,NA
543,159,NA,NA,NA,NA,NA,NA,NA,NA
544,159,NA,NA,NA,NA,NA,NA,NA,NA
545,159,NA,NA,NA,NA,NA,NA,NA,NA
547,159,NA,NA,NA,NA,NA,NA,NA,NA
548,159,NA,NA,NA,NA,NA,NA,NA,NA
549,159,NA,NA,NA,NA,NA,NA,NA,NA
550,159,NA,NA,NA,NA,NA,NA,NA,NA
551,159,NA,NA,NA,NA,NA,NA,NA,NA
552,159,NA,NA,NA,NA,NA,NA,NA,NA
553,159,NA,NA,NA,NA,NA,NA,NA,NA
554,159,NA,NA,NA,NA,NA,NA,NA,NA
555,159,NA,NA,NA,NA,NA,NA,NA,NA
556,159,NA,NA,NA,NA,NA,NA,NA,NA
557,159,NA,NA,NA,NA,NA,NA,NA,NA
558,159,NA,NA,NA,NA,NA,NA,NA,NA
559,159,NA,NA,NA,NA,NA,NA,NA,NA
560,159,NA,NA,NA,NA,NA,NA,NA,NA
561,159,NA,NA,NA,NA,NA,NA,NA,NA
562,159,NA,NA,NA,NA,NA,NA,NA,NA
563,159,NA,NA,NA,NA,NA,NA,NA,NA
564,159,NA,NA,NA,NA,NA,NA,NA,NA
565,159,NA,NA,NA,NA,NA,NA,NA,NA
566,159,NA,NA,NA,NA,NA,NA,NA,NA
567,159,NA,NA,NA,NA,NA,NA,NA,NA
568,159,NA,NA,NA,NA,NA,NA,NA,NA
569,159,NA,NA,NA,NA,NA,NA,NA,NA
570,159,NA,NA,NA,NA,NA,NA,NA,NA
572,159,NA,NA,NA,NA,NA,NA,NA,NA
574,159,NA,NA,NA,NA,NA,NA,NA,NA
575,159,NA,NA,NA,NA,NA,NA,NA,NA
576,159,1,NA,NA,NA,0,NA,NA,NA
578,159,NA,NA,NA,NA,NA,NA,NA,NA
579,159,NA,NA,NA,NA,NA,NA,NA,NA
581,159,NA,NA,NA,NA,NA,NA,NA,NA
582,159,NA,NA,NA,NA,NA,NA,NA,NA
583,159,NA,NA,NA,NA,NA,NA,NA,NA
584,159,NA,NA,NA,NA,NA,NA,NA,NA
586,159,NA,NA,NA,NA,NA,NA,NA,NA
587,159,NA,NA,NA,NA,NA,NA,NA,NA
589,159,NA,NA,NA,NA,NA,NA,NA,NA
590,159,NA,NA,NA,NA,NA,NA,NA,NA
591,159,NA,NA,NA,NA,NA,NA,NA,NA
592,159,1,NA,NA,NA,0,NA,NA,NA
593,159,NA,NA,NA,NA,NA,NA,NA,NA
594,159,NA,NA,NA,NA,NA,NA,NA,NA
595,159,NA,NA,NA,NA,NA,NA,NA,NA
597,159,NA,NA,NA,NA,NA,NA,NA,NA
599,159,NA,NA,NA,NA,NA,NA,NA,NA
601,159,NA,NA,NA,NA,NA,NA,NA,NA
602,159,NA,NA,NA,NA,NA,NA,NA,NA
603,159,NA,NA,NA,NA,NA,NA,NA,NA
604,159,NA,NA,NA,NA,NA,NA,NA,NA
605,159,NA,NA,NA,NA,NA,NA,NA,NA
606,159,NA,NA,NA,NA,NA,NA,NA,NA
607,159,0,NA,NA,NA,0,NA,NA,NA
608,159,NA,NA,NA,NA,NA,NA,NA,NA
609,159,NA,NA,NA,NA,NA,NA,NA,NA
610,159,NA,NA,NA,NA,NA,NA,NA,NA
611,159,NA,NA,NA,NA,NA,NA,NA,NA
612,159,NA,NA,NA,NA,NA,NA,NA,NA
613,159,NA,NA,NA,NA,NA,NA,NA,NA
614,159,NA,NA,NA,NA,NA,NA,NA,NA
615,159,NA,NA,NA,NA,NA,NA,NA,NA
616,159,1,NA,NA,NA,0,NA,NA,NA
618,159,NA,NA,NA,NA,NA,NA,NA,NA
619,159,NA,NA,NA,NA,NA,NA,NA,NA
620,159,NA,NA,NA,NA,NA,NA,NA,NA
621,159,NA,NA,NA,NA,NA,NA,NA,NA
622,159,NA,NA,NA,NA,NA,NA,NA,NA
623,159,NA,NA,NA,NA,NA,NA,NA,NA
624,159,NA,NA,NA,NA,NA,NA,NA,NA
625,159,NA,NA,NA,NA,NA,NA,NA,NA
626,159,NA,NA,NA,NA,NA,NA,NA,NA
627,159,NA,NA,NA,NA,NA,NA,NA,NA
628,159,NA,NA,NA,NA,NA,NA,NA,NA
629,159,NA,NA,NA,NA,NA,NA,NA,NA
630,159,NA,NA,NA,NA,NA,NA,NA,NA
631,159,NA,NA,NA,NA,NA,NA,NA,NA
632,159,NA,NA,NA,NA,NA,NA,NA,NA
636,159,NA,NA,NA,NA,NA,NA,NA,NA
638,159,1,NA,NA,NA,0,NA,NA,NA
639,159,NA,NA,NA,NA,NA,NA,NA,NA
640,159,NA,NA,NA,NA,NA,NA,NA,NA
642,159,NA,NA,NA,NA,NA,NA,NA,NA
643,159,NA,NA,NA,NA,NA,NA,NA,NA
644,159,NA,NA,NA,NA,NA,NA,NA,NA
645,159,NA,NA,NA,NA,NA,NA,NA,NA
646,159,NA,NA,NA,NA,NA,NA,NA,NA
647,159,NA,NA,NA,NA,NA,NA,NA,NA
650,159,NA,NA,NA,NA,NA,NA,NA,NA
652,159,NA,NA,NA,NA,NA,NA,NA,NA
653,159,NA,NA,NA,NA,NA,NA,NA,NA
654,159,NA,NA,NA,NA,NA,NA,NA,NA
655,159,NA,NA,NA,NA,NA,NA,NA,NA
656,159,NA,NA,NA,NA,NA,NA,NA,NA
657,159,NA,NA,NA,NA,NA,NA,NA,NA
658,159,NA,NA,NA,NA,NA,NA,NA,NA
659,159,NA,NA,NA,NA,NA,NA,NA,NA
660,159,NA,NA,NA,NA,NA,NA,NA,NA
661,159,NA,NA,NA,NA,NA,NA,NA,NA
662,159,NA,NA,NA,NA,NA,NA,NA,NA
663,159,NA,NA,NA,NA,NA,NA,NA,NA
664,159,NA,NA,NA,NA,NA,NA,NA,NA
665,159,NA,NA,NA,NA,NA,NA,NA,NA
667,159,1,NA,NA,NA,0,NA,NA,NA
669,159,NA,NA,NA,NA,NA,NA,NA,NA
670,159,NA,NA,NA,NA,NA,NA,NA,NA
671,159,NA,NA,NA,NA,NA,NA,NA,NA
672,159,NA,NA,NA,NA,NA,NA,NA,NA
673,159,NA,NA,NA,NA,NA,NA,NA,NA
674,159,NA,NA,NA,NA,NA,NA,NA,NA
675,159,NA,NA,NA,NA,NA,NA,NA,NA
676,159,NA,NA,NA,NA,NA,NA,NA,NA
677,159,NA,NA,NA,NA,NA,NA,NA,NA
678,159,1,NA,NA,NA,0,NA,NA,NA
679,159,NA,NA,NA,NA,NA,NA,NA,NA
680,159,1,NA,NA,NA,0,NA,NA,NA
681,159,NA,NA,NA,NA,NA,NA,NA,NA
684,159,NA,NA,NA,NA,NA,NA,NA,NA
686,159,NA,NA,NA,NA,NA,NA,NA,NA
687,159,1,NA,NA,NA,1,NA,NA,NA
688,159,NA,NA,NA,NA,NA,NA,NA,NA
689,159,NA,NA,NA,NA,NA,NA,NA,NA
691,159,NA,NA,NA,NA,NA,NA,NA,NA
693,159,NA,NA,NA,NA,NA,NA,NA,NA
694,159,NA,NA,NA,NA,NA,NA,NA,NA
695,159,NA,NA,NA,NA,NA,NA,NA,NA
696,159,NA,NA,NA,NA,NA,NA,NA,NA
697,159,NA,NA,NA,NA,NA,NA,NA,NA
698,159,NA,NA,NA,NA,NA,NA,NA,NA
699,159,NA,NA,NA,NA,NA,NA,NA,NA
703,159,NA,NA,NA,NA,NA,NA,NA,NA
704,159,NA,NA,NA,NA,NA,NA,NA,NA
705,159,NA,NA,NA,NA,NA,NA,NA,NA
706,159,NA,NA,NA,NA,NA,NA,NA,NA
708,159,NA,NA,NA,NA,NA,NA,NA,NA
709,159,NA,NA,NA,NA,NA,NA,NA,NA
710,159,NA,NA,NA,NA,NA,NA,NA,NA
711,159,NA,NA,NA,NA,NA,NA,NA,NA
712,159,NA,NA,NA,NA,NA,NA,NA,NA
713,159,NA,NA,NA,NA,NA,NA,NA,NA
714,159,NA,NA,NA,NA,NA,NA,NA,NA
716,159,NA,NA,NA,NA,NA,NA,NA,NA
717,159,NA,NA,NA,NA,NA,NA,NA,NA
718,159,NA,NA,NA,NA,NA,NA,NA,NA
719,159,NA,NA,NA,NA,NA,NA,NA,NA
720,159,NA,NA,NA,NA,NA,NA,NA,NA
721,159,NA,NA,NA,NA,NA,NA,NA,NA
722,159,NA,NA,NA,NA,NA,NA,NA,NA
723,159,NA,NA,NA,NA,NA,NA,NA,NA
724,159,NA,NA,NA,NA,NA,NA,NA,NA
725,159,NA,NA,NA,NA,NA,NA,NA,NA
726,159,NA,NA,NA,NA,NA,NA,NA,NA
727,159,NA,NA,NA,NA,NA,NA,NA,NA
728,159,1,NA,NA,NA,0,NA,NA,NA
729,159,NA,NA,NA,NA,NA,NA,NA,NA
730,159,NA,NA,NA,NA,NA,NA,NA,NA
732,159,NA,NA,NA,NA,NA,NA,NA,NA
733,159,NA,NA,NA,NA,NA,NA,NA,NA
736,159,NA,NA,NA,NA,NA,NA,NA,NA
737,159,NA,NA,NA,NA,NA,NA,NA,NA
741,159,NA,NA,NA,NA,NA,NA,NA,NA
742,159,NA,NA,NA,NA,NA,NA,NA,NA
743,159,0,NA,NA,NA,0,NA,NA,NA
744,159,NA,NA,NA,NA,NA,NA,NA,NA
745,159,NA,NA,NA,NA,NA,NA,NA,NA
746,159,NA,NA,NA,NA,NA,NA,NA,NA
747,159,NA,NA,NA,NA,NA,NA,NA,NA
748,159,NA,NA,NA,NA,NA,NA,NA,NA
750,159,NA,NA,NA,NA,NA,NA,NA,NA
751,159,NA,NA,NA,NA,NA,NA,NA,NA
752,159,NA,NA,NA,NA,NA,NA,NA,NA
753,159,NA,NA,NA,NA,NA,NA,NA,NA
755,159,NA,NA,NA,NA,NA,NA,NA,NA
756,159,NA,NA,NA,NA,NA,NA,NA,NA
757,159,NA,NA,NA,NA,NA,NA,NA,NA
758,159,NA,NA,NA,NA,NA,NA,NA,NA
759,159,NA,NA,NA,NA,NA,NA,NA,NA
760,159,NA,NA,NA,NA,NA,NA,NA,NA
761,159,NA,NA,NA,NA,NA,NA,NA,NA
762,159,NA,NA,NA,NA,NA,NA,NA,NA
763,159,NA,NA,NA,NA,NA,NA,NA,NA
764,159,NA,NA,NA,NA,NA,NA,NA,NA
765,159,NA,NA,NA,NA,NA,NA,NA,NA
766,159,NA,NA,NA,NA,NA,NA,NA,NA
767,159,NA,NA,NA,NA,NA,NA,NA,NA
768,159,NA,NA,NA,NA,NA,NA,NA,NA
769,159,NA,NA,NA,NA,NA,NA,NA,NA
770,159,NA,NA,NA,NA,NA,NA,NA,NA
773,159,NA,NA,NA,NA,NA,NA,NA,NA
774,159,NA,NA,NA,NA,NA,NA,NA,NA
775,159,NA,NA,NA,NA,NA,NA,NA,NA
776,159,NA,NA,NA,NA,NA,NA,NA,NA
777,159,NA,NA,NA,NA,NA,NA,NA,NA
778,159,NA,NA,NA,NA,NA,NA,NA,NA
779,159,NA,NA,NA,NA,NA,NA,NA,NA
781,159,NA,NA,NA,NA,NA,NA,NA,NA
1,172,1,NA,NA,NA,0,NA,NA,NA
2,172,0,NA,NA,NA,0,NA,NA,NA
3,172,1,NA,NA,NA,0,NA,NA,NA
4,172,1,NA,NA,NA,0,NA,NA,NA
5,172,0,0,0,NA,0,0,0,NA
6,172,0,0,0,NA,0,0,0,NA
8,172,0,NA,NA,NA,0,NA,NA,NA
9,172,NA,NA,NA,NA,NA,NA,NA,NA
10,172,1,NA,NA,NA,0,NA,NA,NA
11,172,0,NA,NA,NA,0,NA,NA,NA
12,172,0,NA,NA,NA,0,NA,NA,NA
13,172,0,NA,NA,NA,0,NA,NA,NA
14,172,0,NA,NA,NA,0,NA,NA,NA
15,172,1,NA,NA,NA,0,NA,NA,NA
16,172,1,NA,NA,NA,0,NA,NA,NA
17,172,1,NA,NA,NA,0,NA,NA,NA
18,172,1,1,1,NA,0,0,0,NA
19,172,1,NA,NA,NA,0,NA,NA,NA
20,172,1,NA,NA,NA,0,NA,NA,NA
21,172,1,NA,NA,NA,0,NA,NA,NA
22,172,1,1,1,NA,0,0,0,NA
23,172,0,NA,NA,NA,0,NA,NA,NA
24,172,1,NA,NA,NA,0,NA,NA,NA
25,172,0,NA,NA,NA,0,NA,NA,NA
26,172,0,NA,NA,NA,0,NA,NA,NA
29,172,0,NA,NA,NA,0,NA,NA,NA
31,172,0,NA,NA,NA,0,NA,NA,NA
32,172,1,NA,NA,NA,0,NA,NA,NA
33,172,0,NA,NA,NA,0,NA,NA,NA
35,172,0,NA,NA,NA,0,NA,NA,NA
40,172,NA,NA,NA,NA,NA,NA,NA,NA
41,172,NA,NA,NA,NA,NA,NA,NA,NA
42,172,0,NA,NA,NA,1,NA,NA,NA
43,172,0,NA,NA,NA,1,NA,NA,NA
44,172,0,NA,NA,NA,0,NA,NA,NA
45,172,0,NA,NA,NA,0,NA,NA,NA
46,172,1,NA,NA,NA,0,NA,NA,NA
47,172,1,1,NA,NA,0,NA,NA,NA
48,172,1,NA,NA,NA,0,NA,NA,NA
49,172,1,1,1,NA,0,0,0,NA
50,172,0,0,0,NA,0,0,0,NA
51,172,1,NA,NA,NA,0,NA,NA,NA
52,172,1,NA,NA,NA,0,NA,NA,NA
53,172,0,NA,NA,NA,0,NA,NA,NA
54,172,NA,NA,NA,NA,NA,NA,NA,NA
55,172,1,NA,NA,NA,0,NA,NA,NA
56,172,NA,NA,NA,NA,NA,NA,NA,NA
57,172,0,NA,NA,NA,0,NA,NA,NA
58,172,0,NA,NA,NA,0,NA,NA,NA
59,172,1,NA,NA,NA,0,NA,NA,NA
60,172,1,NA,NA,NA,0,NA,NA,NA
61,172,1,NA,NA,NA,0,NA,NA,NA
62,172,0,NA,NA,NA,0,NA,NA,NA
63,172,0,0,0,NA,0,0,0,NA
64,172,0,NA,NA,NA,0,NA,NA,NA
65,172,0,NA,NA,NA,0,NA,NA,NA
66,172,0,NA,NA,NA,0,NA,NA,NA
68,172,0,0,0,NA,0,0,0,NA
69,172,1,1,1,NA,0,0,0,NA
70,172,NA,NA,NA,NA,NA,NA,NA,NA
71,172,0,NA,NA,NA,0,NA,NA,NA
73,172,0,NA,NA,NA,0,NA,NA,NA
74,172,0,NA,NA,NA,0,NA,NA,NA
75,172,1,NA,NA,NA,0,NA,NA,NA
76,172,1,NA,NA,NA,0,NA,NA,NA
77,172,1,NA,NA,NA,0,NA,NA,NA
78,172,0,NA,NA,NA,0,NA,NA,NA
79,172,1,NA,NA,NA,0,NA,NA,NA
80,172,0,NA,NA,NA,0,NA,NA,NA
81,172,0,NA,NA,NA,0,NA,NA,NA
82,172,1,NA,NA,NA,0,NA,NA,NA
83,172,1,NA,NA,NA,0,NA,NA,NA
84,172,0,NA,NA,NA,0,NA,NA,NA
85,172,0,NA,NA,NA,0,NA,NA,NA
86,172,0,NA,NA,NA,0,NA,NA,NA
87,172,0,NA,NA,NA,0,NA,NA,NA
88,172,0,NA,NA,NA,0,NA,NA,NA
89,172,0,NA,NA,NA,0,NA,NA,NA
90,172,0,NA,NA,NA,1,NA,NA,NA
91,172,1,NA,NA,NA,0,NA,NA,NA
92,172,0,NA,NA,NA,1,NA,NA,NA
93,172,0,NA,NA,NA,0,NA,NA,NA
94,172,0,NA,NA,NA,0,NA,NA,NA
95,172,0,NA,NA,NA,0,NA,NA,NA
96,172,0,NA,NA,NA,0,NA,NA,NA
97,172,0,NA,NA,NA,0,NA,NA,NA
98,172,1,NA,NA,NA,0,NA,NA,NA
99,172,1,NA,NA,NA,NA,NA,NA,NA
103,172,0,NA,NA,NA,0,NA,NA,NA
104,172,0,NA,NA,NA,0,NA,NA,NA
105,172,1,NA,NA,NA,0,NA,NA,NA
106,172,1,NA,NA,NA,0,NA,NA,NA
107,172,0,NA,NA,NA,0,NA,NA,NA
108,172,NA,NA,NA,NA,NA,NA,NA,NA
109,172,1,NA,NA,NA,0,NA,NA,NA
110,172,1,NA,NA,NA,0,NA,NA,NA
111,172,1,NA,NA,NA,0,NA,NA,NA
112,172,0,NA,NA,NA,0,NA,NA,NA
113,172,0,NA,NA,NA,0,NA,NA,NA
114,172,1,NA,NA,NA,0,NA,NA,NA
116,172,0,NA,NA,NA,0,NA,NA,NA
117,172,0,NA,NA,NA,0,NA,NA,NA
118,172,1,NA,NA,NA,0,NA,NA,NA
119,172,1,NA,NA,NA,0,NA,NA,NA
120,172,0,NA,NA,NA,0,NA,NA,NA
121,172,0,NA,NA,NA,0,NA,NA,NA
122,172,0,NA,NA,NA,0,NA,NA,NA
123,172,0,NA,NA,NA,0,NA,NA,NA
124,172,0,NA,NA,NA,0,NA,NA,NA
125,172,0,NA,NA,NA,0,NA,NA,NA
126,172,0,NA,NA,NA,0,NA,NA,NA
127,172,0,NA,NA,NA,0,NA,NA,NA
128,172,1,NA,NA,NA,0,NA,NA,NA
129,172,0,NA,NA,NA,1,NA,NA,NA
130,172,1,1,1,NA,0,0,0,NA
131,172,1,NA,NA,NA,0,NA,NA,NA
132,172,NA,NA,NA,NA,NA,NA,NA,NA
133,172,1,NA,NA,NA,0,NA,NA,NA
134,172,1,1,1,NA,0,0,0,NA
135,172,1,NA,NA,NA,1,NA,NA,NA
136,172,1,NA,NA,NA,0,NA,NA,NA
137,172,0,NA,NA,NA,0,NA,NA,NA
138,172,1,NA,NA,NA,0,NA,NA,NA
139,172,1,1,1,NA,0,0,0,NA
140,172,0,0,0,NA,0,0,0,NA
141,172,1,1,NA,NA,0,NA,NA,NA
142,172,1,NA,NA,NA,0,NA,NA,NA
143,172,0,NA,NA,NA,0,NA,NA,NA
144,172,1,NA,NA,NA,0,NA,NA,NA
145,172,0,NA,NA,NA,0,NA,NA,NA
146,172,0,NA,NA,NA,0,NA,NA,NA
147,172,0,NA,NA,NA,0,NA,NA,NA
148,172,0,NA,NA,NA,0,NA,NA,NA
149,172,0,NA,NA,NA,0,NA,NA,NA
150,172,0,NA,NA,NA,0,NA,NA,NA
151,172,1,1,1,1,0,0,0,0
152,172,0,0,1,0,0,0,0,0
153,172,1,NA,NA,NA,0,NA,NA,NA
154,172,0,NA,NA,NA,0,NA,NA,NA
155,172,0,NA,NA,NA,0,NA,NA,NA
156,172,0,NA,NA,NA,0,NA,NA,NA
157,172,0,NA,NA,NA,0,NA,NA,NA
158,172,NA,NA,NA,NA,NA,NA,NA,NA
159,172,1,NA,NA,NA,0,NA,NA,NA
160,172,0,NA,NA,NA,0,NA,NA,NA
161,172,0,NA,NA,NA,0,NA,NA,NA
162,172,1,NA,NA,NA,0,NA,NA,NA
163,172,0,NA,NA,NA,0,NA,NA,NA
164,172,0,NA,NA,NA,1,NA,NA,NA
165,172,0,0,0,0,0,0,0,0
166,172,1,NA,NA,NA,0,NA,NA,NA
167,172,0,1,1,1,0,0,0,0
168,172,0,0,0,0,0,0,0,0
169,172,0,0,0,1,0,0,0,0
170,172,0,0,0,0,0,0,0,0
171,172,1,NA,NA,NA,0,NA,NA,NA
172,172,NA,NA,NA,NA,NA,NA,NA,NA
173,172,0,1,1,NA,0,0,0,NA
175,172,0,1,1,1,0,0,0,0
176,172,0,NA,NA,NA,0,NA,NA,NA
177,172,0,NA,NA,NA,0,NA,NA,NA
179,172,1,NA,NA,NA,0,NA,NA,NA
180,172,1,NA,NA,NA,0,NA,NA,NA
181,172,1,NA,NA,NA,0,NA,NA,NA
182,172,1,NA,NA,NA,0,NA,NA,NA
183,172,1,NA,NA,NA,0,NA,NA,NA
184,172,0,NA,NA,NA,0,NA,NA,NA
185,172,NA,NA,NA,NA,NA,NA,NA,NA
186,172,0,NA,NA,NA,0,NA,NA,NA
187,172,0,NA,NA,NA,0,NA,NA,NA
188,172,1,NA,NA,NA,0,NA,NA,NA
189,172,0,NA,NA,NA,0,NA,NA,NA
190,172,1,NA,NA,NA,0,NA,NA,NA
191,172,1,NA,NA,NA,0,NA,NA,NA
192,172,1,1,1,1,0,0,0,0
193,172,1,1,1,1,0,0,0,0
194,172,0,NA,NA,NA,0,NA,NA,NA
195,172,0,NA,NA,NA,0,NA,NA,NA
196,172,0,NA,NA,NA,0,NA,NA,NA
197,172,0,0,0,0,0,0,0,0
198,172,0,NA,NA,NA,0,NA,NA,NA
199,172,0,NA,NA,NA,0,NA,NA,NA
200,172,1,NA,NA,NA,0,NA,NA,NA
201,172,0,NA,NA,NA,0,NA,NA,NA
202,172,0,NA,NA,NA,0,NA,NA,NA
203,172,0,0,0,NA,0,0,0,0
204,172,0,NA,NA,NA,0,NA,NA,NA
205,172,1,NA,NA,NA,0,NA,NA,NA
207,172,1,0,NA,NA,0,0,NA,NA
208,172,1,1,1,1,0,0,0,0
209,172,0,NA,NA,NA,0,NA,NA,NA
210,172,0,NA,NA,NA,0,NA,NA,NA
211,172,0,NA,NA,NA,0,NA,NA,NA
212,172,1,NA,NA,NA,0,NA,NA,NA
213,172,0,NA,NA,NA,1,NA,NA,NA
214,172,1,NA,NA,NA,0,NA,NA,NA
215,172,0,NA,NA,NA,0,NA,NA,NA
216,172,0,NA,NA,NA,0,NA,NA,NA
217,172,1,NA,NA,NA,0,NA,NA,NA
218,172,0,0,0,0,1,1,1,1
219,172,0,NA,NA,NA,1,NA,NA,NA
220,172,0,NA,NA,NA,0,NA,NA,NA
221,172,0,NA,NA,NA,0,NA,NA,NA
222,172,0,NA,NA,NA,0,NA,NA,NA
223,172,0,NA,NA,NA,0,NA,NA,NA
224,172,1,NA,NA,NA,0,NA,NA,NA
225,172,0,0,0,0,0,0,0,1
226,172,0,NA,NA,NA,0,NA,NA,NA
227,172,0,NA,NA,NA,0,NA,NA,NA
228,172,0,NA,NA,NA,0,NA,NA,NA
229,172,0,NA,NA,NA,0,NA,NA,NA
230,172,1,NA,NA,NA,0,NA,NA,NA
231,172,NA,NA,NA,NA,NA,NA,NA,NA
232,172,1,NA,NA,NA,0,NA,NA,NA
233,172,0,0,1,1,0,0,0,0
234,172,0,NA,NA,NA,1,NA,NA,NA
235,172,0,NA,NA,NA,0,NA,NA,NA
236,172,1,NA,NA,NA,0,NA,NA,NA
237,172,1,NA,NA,NA,0,NA,NA,NA
238,172,0,NA,NA,NA,0,NA,NA,NA
239,172,0,NA,NA,NA,1,NA,NA,NA
240,172,0,NA,NA,NA,0,NA,NA,NA
241,172,0,0,0,0,0,0,0,NA
242,172,0,NA,NA,NA,0,NA,NA,NA
243,172,1,NA,NA,NA,0,NA,NA,NA
244,172,0,NA,NA,NA,0,NA,NA,NA
245,172,0,NA,NA,NA,0,NA,NA,NA
246,172,1,NA,NA,NA,0,NA,NA,NA
247,172,0,NA,NA,NA,0,NA,NA,NA
248,172,0,NA,NA,NA,1,NA,NA,NA
249,172,0,NA,NA,NA,0,NA,NA,NA
250,172,0,NA,NA,NA,0,NA,NA,NA
251,172,1,NA,NA,NA,0,NA,NA,NA
252,172,1,NA,NA,NA,0,NA,NA,NA
253,172,0,NA,NA,NA,0,NA,NA,NA
254,172,0,NA,NA,NA,0,NA,NA,NA
255,172,NA,NA,NA,NA,1,NA,NA,NA
256,172,0,NA,NA,NA,0,NA,NA,NA
257,172,1,NA,NA,NA,0,NA,NA,NA
258,172,1,NA,NA,NA,0,NA,NA,NA
259,172,1,NA,NA,NA,0,NA,NA,NA
260,172,1,NA,NA,NA,0,NA,NA,NA
261,172,0,NA,NA,NA,0,NA,NA,NA
263,172,NA,NA,NA,NA,NA,NA,NA,NA
264,172,1,NA,NA,NA,0,NA,NA,NA
265,172,1,NA,NA,NA,0,NA,NA,NA
266,172,0,NA,NA,NA,0,NA,NA,NA
267,172,NA,NA,NA,NA,NA,NA,NA,NA
268,172,0,NA,NA,NA,0,NA,NA,NA
269,172,1,NA,NA,NA,0,NA,NA,NA
270,172,0,NA,NA,NA,0,NA,NA,NA
271,172,0,NA,NA,NA,0,NA,NA,NA
272,172,0,NA,NA,NA,0,NA,NA,NA
273,172,1,NA,NA,NA,0,NA,NA,NA
274,172,0,NA,NA,NA,0,NA,NA,NA
275,172,0,NA,NA,NA,0,NA,NA,NA
276,172,1,NA,NA,NA,0,NA,NA,NA
278,172,NA,NA,NA,NA,NA,NA,NA,NA
279,172,1,NA,NA,NA,0,NA,NA,NA
280,172,0,1,1,1,0,0,0,0
281,172,1,1,1,1,0,0,0,0
282,172,0,NA,NA,NA,0,NA,NA,NA
283,172,0,NA,NA,NA,0,NA,NA,NA
284,172,0,NA,NA,NA,0,NA,NA,NA
285,172,1,NA,NA,NA,0,NA,NA,NA
286,172,0,NA,NA,NA,0,NA,NA,NA
287,172,0,NA,NA,NA,0,NA,NA,NA
288,172,0,NA,NA,NA,0,NA,NA,NA
289,172,1,NA,NA,NA,0,NA,NA,NA
290,172,1,NA,NA,NA,0,NA,NA,NA
291,172,0,0,0,0,0,0,0,0
292,172,1,NA,NA,NA,0,NA,NA,NA
293,172,0,NA,NA,NA,0,NA,NA,NA
294,172,0,NA,NA,NA,0,NA,NA,NA
295,172,0,NA,NA,NA,0,NA,NA,NA
296,172,NA,NA,NA,NA,NA,NA,NA,NA
297,172,0,NA,NA,NA,0,NA,NA,NA
298,172,0,NA,NA,NA,0,NA,NA,NA
299,172,0,NA,NA,NA,0,NA,NA,NA
300,172,0,NA,NA,NA,0,NA,NA,NA
301,172,0,NA,NA,NA,0,NA,NA,NA
302,172,0,NA,NA,NA,0,NA,NA,NA
303,172,0,NA,NA,NA,0,NA,NA,NA
304,172,0,NA,NA,NA,0,NA,NA,NA
305,172,0,NA,NA,NA,0,NA,NA,NA
306,172,0,NA,NA,NA,0,NA,NA,NA
307,172,1,1,0,1,0,0,0,0
308,172,1,NA,NA,NA,0,NA,NA,NA
309,172,1,NA,NA,NA,0,NA,NA,NA
310,172,0,NA,NA,NA,0,NA,NA,NA
311,172,0,NA,NA,NA,0,NA,NA,NA
312,172,NA,NA,NA,NA,NA,NA,NA,NA
314,172,0,0,0,0,0,0,0,0
315,172,1,NA,NA,NA,0,NA,NA,NA
316,172,1,1,1,1,0,0,0,0
317,172,1,NA,NA,NA,0,NA,NA,NA
318,172,0,0,0,0,0,0,0,0
319,172,0,NA,NA,NA,0,NA,NA,NA
320,172,0,NA,NA,NA,0,NA,NA,NA
321,172,0,NA,NA,NA,0,NA,NA,NA
322,172,0,NA,NA,NA,0,NA,NA,NA
323,172,0,0,0,0,0,0,0,0
324,172,1,NA,NA,NA,0,NA,NA,NA
325,172,1,1,1,NA,1,1,1,NA
326,172,0,NA,NA,NA,0,NA,NA,NA
327,172,0,NA,NA,NA,0,NA,NA,NA
328,172,0,NA,NA,NA,0,NA,NA,NA
329,172,1,1,1,0,0,0,0,0
330,172,NA,NA,NA,NA,NA,NA,NA,NA
331,172,1,NA,NA,NA,0,NA,NA,NA
332,172,0,0,0,0,0,0,0,0
333,172,1,NA,NA,NA,0,NA,NA,NA
334,172,1,NA,NA,NA,0,NA,NA,NA
335,172,0,NA,NA,NA,0,0,0,0
336,172,1,NA,NA,NA,0,NA,NA,NA
337,172,1,1,1,1,0,0,0,0
338,172,1,NA,NA,NA,0,NA,NA,NA
339,172,0,NA,NA,NA,0,NA,NA,NA
340,172,1,NA,NA,NA,0,NA,NA,NA
341,172,NA,NA,NA,NA,NA,NA,NA,NA
342,172,0,NA,NA,NA,0,NA,NA,NA
343,172,0,NA,NA,NA,0,NA,NA,NA
344,172,0,NA,NA,NA,0,NA,NA,NA
345,172,0,NA,NA,NA,0,NA,NA,NA
346,172,0,NA,NA,NA,0,NA,NA,NA
347,172,0,NA,NA,NA,1,NA,NA,NA
348,172,0,NA,NA,NA,1,NA,NA,NA
349,172,1,NA,NA,NA,0,NA,NA,NA
350,172,0,0,0,0,0,0,0,0
351,172,0,0,0,0,1,1,0,0
352,172,NA,NA,NA,NA,NA,NA,NA,NA
353,172,0,0,0,0,0,0,0,0
354,172,1,0,0,1,0,0,0,0
355,172,1,NA,NA,NA,0,NA,NA,NA
356,172,0,0,0,NA,0,0,0,0
357,172,0,NA,NA,NA,0,NA,NA,NA
358,172,0,NA,NA,NA,0,NA,NA,NA
359,172,1,1,1,1,0,0,0,0
360,172,0,NA,NA,NA,0,NA,NA,NA
361,172,0,NA,NA,NA,0,NA,NA,NA
362,172,0,0,0,0,0,0,0,0
363,172,0,NA,NA,NA,0,NA,NA,NA
364,172,0,NA,NA,NA,0,NA,NA,NA
365,172,0,NA,NA,NA,0,NA,NA,NA
366,172,0,0,1,0,0,0,0,0
367,172,0,NA,NA,NA,0,NA,NA,NA
368,172,0,NA,NA,NA,0,NA,NA,NA
369,172,0,NA,NA,NA,0,NA,NA,NA
370,172,0,NA,NA,NA,0,NA,NA,NA
371,172,1,NA,NA,NA,0,NA,NA,NA
372,172,0,NA,NA,NA,0,NA,NA,NA
373,172,1,1,1,1,0,0,0,0
374,172,0,NA,NA,NA,0,NA,NA,NA
375,172,1,1,1,1,0,0,0,0
376,172,1,NA,NA,NA,0,NA,NA,NA
377,172,1,NA,NA,NA,0,NA,NA,NA
378,172,0,NA,NA,NA,0,NA,NA,NA
379,172,1,1,1,NA,0,0,0,NA
380,172,1,NA,NA,NA,0,NA,NA,NA
381,172,1,NA,NA,NA,0,NA,NA,NA
382,172,1,1,1,NA,0,0,0,NA
383,172,0,NA,NA,NA,0,NA,NA,NA
384,172,0,NA,NA,NA,0,0,0,NA
385,172,1,NA,NA,NA,0,NA,NA,NA
386,172,0,NA,NA,NA,0,NA,NA,NA
389,172,0,NA,NA,NA,0,NA,NA,NA
390,172,1,NA,NA,NA,0,NA,NA,NA
391,172,0,NA,NA,NA,0,NA,NA,NA
392,172,0,NA,NA,NA,0,NA,NA,NA
394,172,0,NA,NA,NA,0,NA,NA,NA
395,172,0,NA,NA,NA,0,NA,NA,NA
396,172,0,NA,NA,NA,0,NA,NA,NA
397,172,0,NA,NA,NA,0,NA,NA,NA
399,172,1,1,1,NA,0,0,0,NA
400,172,0,NA,NA,NA,0,NA,NA,NA
402,172,0,NA,NA,NA,0,NA,NA,NA
403,172,0,NA,NA,NA,0,1,NA,NA
404,172,NA,NA,NA,NA,NA,NA,NA,NA
405,172,NA,NA,NA,NA,NA,NA,NA,NA
406,172,0,NA,NA,NA,0,NA,NA,NA
408,172,0,0,NA,NA,0,0,NA,NA
409,172,0,NA,NA,NA,0,NA,NA,NA
410,172,0,NA,NA,NA,0,NA,NA,NA
411,172,NA,NA,NA,NA,NA,NA,NA,NA
413,172,0,NA,NA,NA,0,NA,NA,NA
415,172,NA,NA,NA,NA,NA,NA,NA,NA
417,172,NA,NA,NA,NA,NA,NA,NA,NA
418,172,NA,NA,NA,NA,NA,NA,NA,NA
419,172,0,NA,NA,NA,0,NA,NA,NA
420,172,NA,NA,NA,NA,NA,NA,NA,NA
421,172,0,NA,NA,NA,0,NA,NA,NA
422,172,0,NA,NA,NA,0,NA,NA,NA
423,172,0,NA,NA,NA,0,NA,NA,NA
424,172,NA,NA,NA,NA,NA,NA,NA,NA
425,172,1,NA,NA,NA,0,NA,NA,NA
426,172,NA,NA,NA,NA,NA,NA,NA,NA
427,172,NA,NA,NA,NA,NA,NA,NA,NA
428,172,NA,NA,NA,NA,NA,NA,NA,NA
429,172,NA,NA,NA,NA,NA,NA,NA,NA
430,172,NA,NA,NA,NA,NA,NA,NA,NA
431,172,NA,NA,NA,NA,NA,NA,NA,NA
432,172,0,NA,NA,NA,1,NA,NA,NA
433,172,0,NA,NA,NA,1,NA,NA,NA
434,172,NA,NA,NA,NA,NA,NA,NA,NA
435,172,NA,NA,NA,NA,NA,NA,NA,NA
436,172,NA,NA,NA,NA,NA,NA,NA,NA
437,172,NA,NA,NA,NA,NA,NA,NA,NA
438,172,0,NA,NA,NA,0,NA,NA,NA
439,172,0,NA,NA,NA,0,NA,NA,NA
440,172,0,NA,NA,NA,0,NA,NA,NA
441,172,0,NA,NA,NA,0,NA,NA,NA
443,172,1,NA,NA,NA,0,NA,NA,NA
446,172,1,NA,NA,NA,0,NA,NA,NA
448,172,0,NA,NA,NA,0,NA,NA,NA
449,172,0,NA,NA,NA,0,NA,NA,NA
450,172,NA,NA,NA,NA,NA,NA,NA,NA
451,172,0,0,0,0,0,0,0,0
452,172,0,NA,NA,NA,0,NA,NA,NA
453,172,0,1,1,NA,0,0,0,NA
454,172,0,NA,NA,NA,0,NA,NA,NA
456,172,0,NA,NA,NA,0,NA,NA,NA
457,172,0,NA,NA,NA,0,NA,NA,NA
458,172,0,NA,NA,NA,0,NA,NA,NA
459,172,NA,NA,NA,NA,NA,NA,NA,NA
460,172,0,NA,NA,NA,0,NA,NA,NA
462,172,0,NA,NA,NA,0,NA,NA,NA
463,172,0,0,1,NA,0,1,0,NA
465,172,0,NA,NA,NA,0,NA,NA,NA
466,172,0,NA,NA,NA,0,NA,NA,NA
467,172,1,NA,NA,NA,0,NA,NA,NA
468,172,0,NA,NA,NA,0,NA,NA,NA
469,172,1,NA,NA,NA,0,NA,NA,NA
470,172,NA,NA,NA,NA,NA,NA,NA,NA
471,172,0,NA,NA,NA,0,NA,NA,NA
472,172,0,NA,NA,NA,0,NA,NA,NA
475,172,NA,NA,NA,NA,NA,NA,NA,NA
476,172,0,NA,NA,NA,0,NA,NA,NA
477,172,0,NA,NA,NA,0,NA,NA,NA
478,172,0,NA,NA,NA,0,NA,NA,NA
479,172,0,NA,NA,NA,0,NA,NA,NA
480,172,0,NA,NA,NA,0,NA,NA,NA
482,172,0,NA,NA,NA,0,NA,NA,NA
483,172,0,NA,NA,NA,0,NA,NA,NA
484,172,0,NA,NA,NA,0,NA,NA,NA
485,172,1,NA,NA,NA,0,NA,NA,NA
486,172,NA,NA,NA,NA,NA,NA,NA,NA
487,172,0,NA,NA,NA,0,NA,NA,NA
488,172,1,NA,NA,NA,0,NA,NA,NA
489,172,NA,NA,NA,NA,NA,NA,NA,NA
490,172,0,0,0,NA,0,0,0,NA
491,172,1,NA,NA,NA,0,NA,NA,NA
492,172,0,NA,NA,NA,0,NA,NA,NA
495,172,1,NA,NA,NA,0,NA,NA,NA
496,172,1,NA,NA,NA,0,NA,NA,NA
497,172,0,NA,NA,NA,0,NA,NA,NA
498,172,1,NA,NA,NA,0,NA,NA,NA
499,172,NA,NA,NA,NA,NA,NA,NA,NA
500,172,0,NA,NA,NA,0,NA,NA,NA
501,172,NA,NA,NA,NA,NA,NA,NA,NA
502,172,NA,NA,NA,NA,NA,NA,NA,NA
503,172,NA,NA,NA,NA,NA,NA,NA,NA
504,172,0,0,0,NA,0,0,0,NA
505,172,0,NA,NA,NA,0,NA,NA,NA
506,172,NA,NA,NA,NA,NA,NA,NA,NA
507,172,0,NA,NA,NA,0,NA,NA,NA
508,172,0,NA,NA,NA,0,NA,NA,NA
509,172,0,NA,NA,NA,0,NA,NA,NA
510,172,0,NA,NA,NA,1,NA,NA,NA
511,172,0,0,0,NA,0,0,0,NA
512,172,1,NA,NA,NA,0,NA,NA,NA
514,172,0,NA,NA,NA,0,NA,NA,NA
515,172,0,NA,NA,NA,0,NA,NA,NA
516,172,0,NA,NA,NA,0,NA,NA,NA
517,172,0,NA,NA,NA,1,NA,NA,NA
518,172,1,NA,NA,NA,0,NA,NA,NA
520,172,NA,NA,NA,NA,NA,NA,NA,NA
522,172,NA,NA,NA,NA,NA,NA,NA,NA
523,172,1,NA,NA,NA,0,NA,NA,NA
527,172,0,NA,NA,NA,0,NA,NA,NA
528,172,0,NA,NA,NA,0,NA,NA,NA
529,172,0,NA,NA,NA,0,NA,NA,NA
530,172,1,NA,NA,NA,0,NA,NA,NA
531,172,0,NA,NA,NA,0,NA,NA,NA
533,172,0,NA,NA,NA,0,NA,NA,NA
535,172,0,0,NA,NA,0,0,NA,NA
536,172,NA,NA,NA,NA,NA,NA,NA,NA
540,172,NA,NA,NA,NA,NA,NA,NA,NA
541,172,0,NA,NA,NA,0,NA,NA,NA
542,172,1,NA,NA,NA,0,NA,NA,NA
543,172,0,NA,NA,NA,1,NA,NA,NA
544,172,1,NA,NA,NA,0,NA,NA,NA
545,172,NA,NA,NA,NA,NA,NA,NA,NA
547,172,1,NA,NA,NA,0,NA,NA,NA
548,172,0,NA,NA,NA,0,NA,NA,NA
549,172,0,NA,NA,NA,0,NA,NA,NA
550,172,NA,NA,NA,NA,NA,NA,NA,NA
551,172,NA,NA,NA,NA,NA,NA,NA,NA
552,172,NA,NA,NA,NA,NA,NA,NA,NA
553,172,0,NA,NA,NA,0,NA,NA,NA
554,172,0,NA,NA,NA,0,NA,NA,NA
555,172,0,NA,NA,NA,0,NA,NA,NA
556,172,0,NA,NA,NA,0,NA,NA,NA
557,172,0,NA,NA,NA,0,NA,NA,NA
558,172,0,0,0,0,0,0,0,0
559,172,0,NA,NA,NA,0,NA,NA,NA
560,172,1,NA,NA,NA,0,NA,NA,NA
561,172,1,NA,NA,NA,0,NA,NA,NA
562,172,0,NA,NA,NA,0,NA,NA,NA
563,172,0,NA,NA,NA,0,NA,NA,NA
564,172,1,NA,NA,NA,0,NA,NA,NA
565,172,NA,NA,NA,NA,NA,NA,NA,NA
566,172,NA,NA,NA,NA,NA,NA,NA,NA
567,172,0,NA,NA,NA,0,NA,NA,NA
568,172,NA,NA,NA,NA,NA,NA,NA,NA
569,172,NA,NA,NA,NA,NA,NA,NA,NA
570,172,NA,NA,NA,NA,NA,NA,NA,NA
572,172,1,NA,NA,NA,0,NA,NA,NA
574,172,NA,NA,NA,NA,NA,NA,NA,NA
575,172,NA,NA,NA,NA,NA,NA,NA,NA
576,172,1,NA,NA,NA,0,NA,NA,NA
578,172,NA,NA,NA,NA,NA,NA,NA,NA
579,172,0,NA,NA,NA,0,NA,NA,NA
581,172,0,NA,NA,NA,0,NA,NA,NA
582,172,NA,NA,NA,NA,NA,NA,NA,NA
583,172,NA,NA,NA,NA,NA,NA,NA,NA
584,172,NA,NA,NA,NA,NA,NA,NA,NA
586,172,1,NA,NA,NA,0,NA,NA,NA
587,172,0,NA,NA,NA,0,NA,NA,NA
589,172,NA,NA,NA,NA,NA,NA,NA,NA
590,172,0,NA,NA,NA,0,NA,NA,NA
591,172,0,NA,NA,NA,0,NA,NA,NA
592,172,NA,NA,NA,NA,NA,NA,NA,NA
593,172,1,NA,NA,NA,0,NA,NA,NA
594,172,1,NA,NA,NA,0,NA,NA,NA
595,172,0,NA,NA,NA,0,NA,NA,NA
597,172,0,NA,NA,NA,0,NA,NA,NA
599,172,0,NA,NA,NA,0,NA,NA,NA
601,172,0,NA,NA,NA,0,NA,NA,NA
602,172,0,NA,NA,NA,0,NA,NA,NA
603,172,0,NA,NA,NA,0,NA,NA,NA
604,172,1,NA,NA,NA,0,NA,NA,NA
605,172,0,NA,NA,NA,0,NA,NA,NA
606,172,0,NA,NA,NA,0,NA,NA,NA
607,172,1,NA,NA,NA,0,NA,NA,NA
608,172,1,NA,NA,NA,0,NA,NA,NA
609,172,0,NA,NA,NA,0,NA,NA,NA
610,172,0,NA,NA,NA,0,NA,NA,NA
611,172,0,NA,NA,NA,0,NA,NA,NA
612,172,0,NA,NA,NA,0,NA,NA,NA
613,172,0,NA,NA,NA,0,NA,NA,NA
614,172,1,NA,NA,NA,0,NA,NA,NA
615,172,1,NA,NA,NA,0,NA,NA,NA
616,172,1,NA,NA,NA,0,NA,NA,NA
618,172,0,NA,NA,NA,0,NA,NA,NA
619,172,0,NA,NA,NA,0,NA,NA,NA
620,172,0,NA,NA,NA,0,NA,NA,NA
621,172,0,NA,NA,NA,0,NA,NA,NA
622,172,0,NA,NA,NA,0,NA,NA,NA
623,172,1,NA,NA,NA,0,NA,NA,NA
624,172,1,NA,NA,NA,0,NA,NA,NA
625,172,0,NA,NA,NA,0,NA,NA,NA
626,172,NA,NA,NA,NA,0,NA,NA,NA
627,172,0,NA,NA,NA,0,NA,NA,NA
628,172,1,NA,NA,NA,0,NA,NA,NA
629,172,0,NA,NA,NA,0,NA,NA,NA
630,172,1,NA,NA,NA,0,NA,NA,NA
631,172,0,NA,NA,NA,0,NA,NA,NA
632,172,NA,NA,NA,NA,NA,NA,NA,NA
636,172,0,NA,NA,NA,0,NA,NA,NA
638,172,0,0,0,0,0,1,1,1
639,172,0,NA,NA,NA,0,NA,NA,NA
640,172,0,NA,NA,NA,0,NA,NA,NA
642,172,NA,NA,NA,NA,NA,NA,NA,NA
643,172,0,NA,NA,NA,0,NA,NA,NA
644,172,1,NA,NA,NA,0,NA,NA,NA
645,172,0,NA,NA,0,0,NA,NA,NA
646,172,0,NA,NA,NA,0,NA,NA,NA
647,172,0,NA,NA,NA,0,NA,NA,NA
650,172,0,NA,NA,NA,0,NA,NA,NA
652,172,0,NA,NA,NA,0,NA,NA,NA
653,172,0,1,0,NA,0,0,0,0
654,172,0,1,1,1,0,0,0,0
655,172,0,NA,NA,NA,0,NA,NA,NA
656,172,1,NA,NA,NA,0,NA,NA,NA
657,172,NA,NA,NA,NA,NA,NA,NA,NA
658,172,1,NA,NA,NA,0,NA,NA,NA
659,172,1,NA,NA,NA,0,NA,NA,NA
660,172,NA,NA,NA,NA,NA,NA,NA,NA
661,172,0,NA,NA,NA,0,NA,NA,NA
662,172,0,NA,NA,NA,0,NA,NA,NA
663,172,0,NA,NA,NA,0,NA,NA,NA
664,172,0,NA,NA,NA,0,NA,NA,NA
665,172,0,NA,NA,NA,0,NA,NA,NA
667,172,0,NA,NA,NA,0,NA,NA,NA
669,172,1,NA,NA,NA,0,NA,NA,NA
670,172,0,NA,NA,NA,0,NA,NA,NA
671,172,0,NA,NA,NA,0,NA,NA,NA
672,172,0,NA,NA,NA,0,NA,NA,NA
673,172,NA,NA,NA,NA,NA,NA,NA,NA
674,172,0,NA,NA,NA,0,NA,NA,NA
675,172,0,NA,NA,NA,0,NA,NA,NA
676,172,NA,NA,NA,NA,NA,NA,NA,NA
677,172,0,NA,NA,NA,0,NA,NA,NA
678,172,1,NA,NA,NA,0,NA,NA,NA
679,172,0,0,0,0,0,0,0,0
680,172,0,1,1,1,0,0,0,0
681,172,NA,NA,NA,NA,NA,NA,NA,NA
684,172,0,NA,NA,NA,0,NA,NA,NA
686,172,1,NA,NA,NA,0,NA,NA,NA
687,172,0,NA,NA,NA,0,NA,NA,NA
688,172,1,NA,NA,NA,0,NA,NA,NA
689,172,0,NA,NA,NA,0,NA,NA,NA
691,172,0,NA,NA,NA,0,NA,NA,NA
693,172,NA,NA,NA,NA,NA,NA,NA,NA
694,172,0,0,0,0,0,0,0,0
695,172,1,NA,NA,NA,0,NA,NA,NA
696,172,1,NA,NA,NA,0,NA,NA,NA
697,172,0,NA,NA,NA,0,NA,NA,NA
698,172,1,NA,NA,NA,0,NA,NA,NA
699,172,1,NA,NA,NA,0,NA,NA,NA
703,172,0,NA,NA,NA,0,NA,NA,NA
704,172,0,NA,NA,NA,0,NA,NA,NA
705,172,0,NA,NA,NA,0,NA,NA,NA
706,172,0,NA,NA,NA,0,NA,NA,NA
708,172,1,NA,NA,NA,0,NA,NA,NA
709,172,1,NA,NA,NA,0,NA,NA,NA
710,172,0,NA,NA,NA,0,NA,NA,NA
711,172,NA,NA,NA,NA,NA,NA,NA,NA
712,172,0,NA,NA,NA,0,NA,NA,NA
713,172,NA,NA,NA,NA,NA,NA,NA,NA
714,172,NA,NA,NA,NA,NA,NA,NA,NA
716,172,1,NA,NA,NA,0,NA,NA,NA
717,172,0,0,0,0,0,0,0,0
718,172,NA,NA,NA,NA,NA,NA,NA,NA
719,172,1,NA,NA,NA,0,NA,NA,NA
720,172,0,NA,NA,NA,0,NA,NA,NA
721,172,NA,NA,NA,NA,NA,NA,NA,NA
722,172,NA,NA,NA,NA,NA,NA,NA,NA
723,172,NA,NA,NA,NA,NA,NA,NA,NA
724,172,0,NA,NA,NA,0,NA,NA,NA
725,172,NA,NA,NA,NA,NA,NA,NA,NA
726,172,NA,NA,NA,NA,NA,NA,NA,NA
727,172,1,1,1,NA,0,0,0,NA
728,172,1,NA,NA,NA,0,NA,NA,NA
729,172,1,NA,NA,NA,0,NA,NA,NA
730,172,1,NA,NA,NA,0,NA,NA,NA
732,172,0,NA,NA,NA,0,NA,NA,NA
733,172,NA,NA,NA,NA,NA,NA,NA,NA
736,172,0,NA,NA,NA,0,NA,NA,NA
737,172,0,NA,NA,NA,0,NA,NA,NA
741,172,NA,NA,NA,NA,NA,NA,NA,NA
742,172,NA,NA,NA,NA,NA,NA,NA,NA
743,172,NA,NA,NA,NA,NA,NA,NA,NA
744,172,NA,NA,NA,NA,NA,NA,NA,NA
745,172,NA,NA,NA,NA,NA,NA,NA,NA
746,172,NA,NA,NA,NA,NA,NA,NA,NA
747,172,NA,NA,NA,NA,NA,NA,NA,NA
748,172,NA,NA,NA,NA,NA,NA,NA,NA
750,172,NA,NA,NA,NA,NA,NA,NA,NA
751,172,NA,NA,NA,NA,NA,NA,NA,NA
752,172,NA,NA,NA,NA,NA,NA,NA,NA
753,172,NA,NA,NA,NA,NA,NA,NA,NA
755,172,NA,NA,NA,NA,NA,NA,NA,NA
756,172,NA,NA,NA,NA,NA,NA,NA,NA
757,172,NA,NA,NA,NA,NA,NA,NA,NA
758,172,NA,NA,NA,NA,NA,NA,NA,NA
759,172,NA,NA,NA,NA,NA,NA,NA,NA
760,172,NA,NA,NA,NA,NA,NA,NA,NA
761,172,NA,NA,NA,NA,NA,NA,NA,NA
762,172,NA,NA,NA,NA,NA,NA,NA,NA
763,172,NA,NA,NA,NA,NA,NA,NA,NA
764,172,NA,NA,NA,NA,NA,NA,NA,NA
765,172,NA,NA,NA,NA,NA,NA,NA,NA
766,172,NA,NA,NA,NA,NA,NA,NA,NA
767,172,NA,NA,NA,NA,NA,NA,NA,NA
768,172,NA,NA,NA,NA,NA,NA,NA,NA
769,172,NA,NA,NA,NA,NA,NA,NA,NA
770,172,NA,NA,NA,NA,NA,NA,NA,NA
773,172,NA,NA,NA,NA,NA,NA,NA,NA
774,172,NA,NA,NA,NA,NA,NA,NA,NA
775,172,NA,NA,NA,NA,NA,NA,NA,NA
776,172,NA,NA,NA,NA,NA,NA,NA,NA
777,172,NA,NA,NA,NA,NA,NA,NA,NA
778,172,NA,NA,NA,NA,NA,NA,NA,NA
779,172,NA,NA,NA,NA,NA,NA,NA,NA
781,172,NA,NA,NA,NA,NA,NA,NA,NA
1,223,1,NA,NA,NA,0,NA,NA,NA
2,223,0,NA,NA,NA,0,NA,NA,NA
3,223,0,NA,NA,NA,0,NA,NA,NA
4,223,1,NA,NA,NA,0,NA,NA,NA
5,223,0,NA,NA,NA,0,NA,NA,NA
6,223,0,NA,NA,NA,0,NA,NA,NA
8,223,0,NA,NA,NA,0,NA,NA,NA
9,223,1,NA,NA,NA,0,NA,NA,NA
10,223,0,NA,NA,NA,0,NA,NA,NA
11,223,0,NA,NA,NA,0,NA,NA,NA
12,223,0,NA,NA,NA,0,NA,NA,NA
13,223,0,NA,NA,NA,0,NA,NA,NA
14,223,0,NA,NA,NA,0,NA,NA,NA
15,223,1,NA,NA,NA,0,NA,NA,NA
16,223,0,NA,NA,NA,1,NA,NA,NA
17,223,1,NA,NA,NA,0,NA,NA,NA
18,223,1,NA,NA,NA,0,NA,NA,NA
19,223,0,NA,NA,NA,0,NA,NA,NA
20,223,0,NA,NA,NA,1,NA,NA,NA
21,223,0,NA,NA,NA,1,NA,NA,NA
22,223,0,NA,NA,NA,0,NA,NA,NA
23,223,0,NA,NA,NA,1,NA,NA,NA
24,223,0,NA,NA,NA,0,NA,NA,NA
25,223,0,NA,NA,NA,0,NA,NA,NA
26,223,0,NA,NA,NA,0,NA,NA,NA
29,223,0,NA,NA,NA,0,NA,NA,NA
31,223,0,NA,NA,NA,0,NA,NA,NA
32,223,0,NA,NA,NA,0,NA,NA,NA
33,223,0,NA,NA,NA,1,NA,NA,NA
35,223,0,NA,NA,NA,0,NA,NA,NA
40,223,0,NA,NA,NA,0,NA,NA,NA
41,223,0,NA,NA,NA,0,NA,NA,NA
42,223,0,NA,NA,NA,1,NA,NA,NA
43,223,0,NA,NA,NA,0,NA,NA,NA
44,223,0,NA,NA,NA,1,NA,NA,NA
45,223,NA,NA,NA,NA,NA,NA,NA,NA
46,223,0,NA,NA,NA,1,NA,NA,NA
47,223,0,NA,NA,NA,1,NA,NA,NA
48,223,0,NA,NA,NA,0,NA,NA,NA
49,223,0,NA,NA,NA,0,NA,NA,NA
50,223,0,NA,NA,NA,1,NA,NA,NA
51,223,NA,NA,NA,NA,NA,NA,NA,NA
52,223,0,NA,NA,NA,0,NA,NA,NA
53,223,0,NA,NA,NA,0,NA,NA,NA
54,223,NA,NA,NA,NA,NA,NA,NA,NA
55,223,0,NA,NA,NA,1,NA,NA,NA
56,223,1,NA,NA,NA,0,NA,NA,NA
57,223,0,NA,NA,NA,0,NA,NA,NA
58,223,1,NA,NA,NA,0,NA,NA,NA
59,223,1,NA,NA,NA,0,NA,NA,NA
60,223,1,NA,NA,NA,0,NA,NA,NA
61,223,1,NA,NA,NA,0,NA,NA,NA
62,223,0,NA,NA,NA,0,NA,NA,NA
63,223,0,NA,NA,NA,1,NA,NA,NA
64,223,0,NA,NA,NA,0,NA,NA,NA
65,223,0,NA,NA,NA,0,NA,NA,NA
66,223,0,NA,NA,NA,0,NA,NA,NA
68,223,0,NA,NA,NA,0,NA,NA,NA
69,223,0,NA,NA,NA,0,NA,NA,NA
70,223,1,NA,NA,NA,0,NA,NA,NA
71,223,0,NA,NA,NA,0,NA,NA,NA
73,223,0,NA,NA,NA,1,NA,NA,NA
74,223,0,NA,NA,NA,0,NA,NA,NA
75,223,0,NA,NA,NA,1,NA,NA,NA
76,223,0,NA,NA,NA,0,NA,NA,NA
77,223,0,NA,NA,NA,0,NA,NA,NA
78,223,0,NA,NA,NA,1,NA,NA,NA
79,223,0,NA,NA,NA,0,NA,NA,NA
80,223,1,NA,NA,NA,0,NA,NA,NA
81,223,0,NA,NA,NA,0,NA,NA,NA
82,223,0,NA,NA,NA,0,NA,NA,NA
83,223,0,NA,NA,NA,0,NA,NA,NA
84,223,1,NA,NA,NA,0,NA,NA,NA
85,223,0,NA,NA,NA,0,NA,NA,NA
86,223,0,NA,NA,NA,1,NA,NA,NA
87,223,0,NA,NA,NA,1,NA,NA,NA
88,223,0,NA,NA,NA,0,NA,NA,NA
89,223,0,NA,NA,NA,0,NA,NA,NA
90,223,0,NA,NA,NA,0,NA,NA,NA
91,223,0,NA,NA,NA,0,NA,NA,NA
92,223,0,NA,NA,NA,0,NA,NA,NA
93,223,0,NA,NA,NA,0,NA,NA,NA
94,223,0,NA,NA,NA,0,NA,NA,NA
95,223,1,NA,NA,NA,0,NA,NA,NA
96,223,0,NA,NA,NA,0,NA,NA,NA
97,223,0,NA,NA,NA,0,NA,NA,NA
98,223,0,NA,NA,NA,1,NA,NA,NA
99,223,0,NA,NA,NA,0,NA,NA,NA
103,223,0,NA,NA,NA,0,NA,NA,NA
104,223,1,NA,NA,NA,0,NA,NA,NA
105,223,0,NA,NA,NA,0,NA,NA,NA
106,223,0,NA,NA,NA,0,NA,NA,NA
107,223,0,NA,NA,NA,1,NA,NA,NA
108,223,0,NA,NA,NA,0,NA,NA,NA
109,223,0,NA,NA,NA,0,NA,NA,NA
110,223,0,NA,NA,NA,0,NA,NA,NA
111,223,0,NA,NA,NA,1,NA,NA,NA
112,223,0,NA,NA,NA,0,NA,NA,NA
113,223,0,NA,NA,NA,1,NA,NA,NA
114,223,0,NA,NA,NA,0,NA,NA,NA
116,223,0,NA,NA,NA,0,NA,NA,NA
117,223,0,NA,NA,NA,0,NA,NA,NA
118,223,0,NA,NA,NA,0,NA,NA,NA
119,223,NA,NA,NA,NA,NA,NA,NA,NA
120,223,1,NA,NA,NA,0,NA,NA,NA
121,223,0,NA,NA,NA,0,NA,NA,NA
122,223,0,NA,NA,NA,0,NA,NA,NA
123,223,0,NA,NA,NA,1,NA,NA,NA
124,223,0,NA,NA,NA,1,NA,NA,NA
125,223,0,NA,NA,NA,0,NA,NA,NA
126,223,0,NA,NA,NA,0,NA,NA,NA
127,223,0,NA,NA,NA,1,NA,NA,NA
128,223,0,NA,NA,NA,0,NA,NA,NA
129,223,0,NA,NA,NA,1,NA,NA,NA
130,223,0,NA,NA,NA,1,NA,NA,NA
131,223,0,NA,NA,NA,1,NA,NA,NA
132,223,0,NA,NA,NA,1,NA,NA,NA
133,223,0,NA,NA,NA,1,NA,NA,NA
134,223,0,NA,NA,NA,0,NA,NA,NA
135,223,0,NA,NA,NA,0,NA,NA,NA
136,223,1,NA,NA,NA,0,NA,NA,NA
137,223,0,NA,NA,NA,0,NA,NA,NA
138,223,1,NA,NA,NA,0,NA,NA,NA
139,223,0,NA,NA,NA,1,NA,NA,NA
140,223,0,NA,NA,NA,0,NA,NA,NA
141,223,0,NA,NA,NA,0,NA,NA,NA
142,223,1,NA,NA,NA,0,NA,NA,NA
143,223,0,NA,NA,NA,0,NA,NA,NA
144,223,0,NA,NA,NA,0,NA,NA,NA
145,223,0,NA,NA,NA,0,NA,NA,NA
146,223,0,NA,NA,NA,0,NA,NA,NA
147,223,0,NA,NA,NA,0,NA,NA,NA
148,223,0,NA,NA,NA,0,NA,NA,NA
149,223,0,NA,NA,NA,0,NA,NA,NA
150,223,0,NA,NA,NA,0,NA,NA,NA
151,223,0,NA,NA,NA,1,NA,NA,NA
152,223,0,NA,NA,NA,1,NA,NA,NA
153,223,0,NA,NA,NA,0,NA,NA,NA
154,223,0,NA,NA,NA,0,NA,NA,NA
155,223,0,NA,NA,NA,0,NA,NA,NA
156,223,0,NA,NA,NA,0,NA,NA,NA
157,223,0,NA,NA,NA,0,NA,NA,NA
158,223,0,NA,NA,NA,0,NA,NA,NA
159,223,1,NA,NA,NA,0,NA,NA,NA
160,223,0,NA,NA,NA,0,NA,NA,NA
161,223,0,NA,NA,NA,0,NA,NA,NA
162,223,0,NA,NA,NA,1,NA,NA,NA
163,223,1,NA,NA,NA,0,NA,NA,NA
164,223,0,NA,NA,NA,0,NA,NA,NA
165,223,1,NA,NA,NA,0,NA,NA,NA
166,223,0,NA,NA,NA,0,NA,NA,NA
167,223,0,NA,NA,NA,1,NA,NA,NA
168,223,0,NA,NA,NA,1,NA,NA,NA
169,223,0,NA,NA,NA,0,NA,NA,NA
170,223,0,NA,NA,NA,0,NA,NA,NA
171,223,1,NA,NA,NA,0,NA,NA,NA
172,223,0,NA,NA,NA,0,NA,NA,NA
173,223,0,NA,NA,NA,0,NA,NA,NA
175,223,0,NA,NA,NA,0,NA,NA,NA
176,223,0,NA,NA,NA,1,NA,NA,NA
177,223,0,NA,NA,NA,0,NA,NA,NA
179,223,0,NA,NA,NA,0,NA,NA,NA
180,223,0,NA,NA,NA,1,NA,NA,NA
181,223,0,NA,NA,NA,0,NA,NA,NA
182,223,1,NA,NA,NA,0,NA,NA,NA
183,223,1,NA,NA,NA,0,NA,NA,NA
184,223,0,NA,NA,NA,0,NA,NA,NA
185,223,0,NA,NA,NA,0,NA,NA,NA
186,223,0,NA,NA,NA,1,NA,NA,NA
187,223,0,NA,NA,NA,0,NA,NA,NA
188,223,1,NA,NA,NA,1,NA,NA,NA
189,223,0,NA,NA,NA,0,NA,NA,NA
190,223,0,NA,NA,NA,1,NA,NA,NA
191,223,0,NA,NA,NA,1,NA,NA,NA
192,223,0,NA,NA,NA,0,NA,NA,NA
193,223,0,NA,NA,NA,0,NA,NA,NA
194,223,0,NA,NA,NA,0,NA,NA,NA
195,223,0,NA,NA,NA,1,NA,NA,NA
196,223,1,NA,NA,NA,0,NA,NA,NA
197,223,0,NA,NA,NA,0,NA,NA,NA
198,223,0,NA,NA,NA,0,NA,NA,NA
199,223,0,NA,NA,NA,0,NA,NA,NA
200,223,0,NA,NA,NA,0,NA,NA,NA
201,223,0,NA,NA,NA,0,NA,NA,NA
202,223,0,NA,NA,NA,0,NA,NA,NA
203,223,0,NA,NA,NA,0,NA,NA,NA
204,223,0,NA,NA,NA,0,NA,NA,NA
205,223,1,NA,NA,NA,0,NA,NA,NA
207,223,0,NA,NA,NA,1,NA,NA,NA
208,223,0,NA,NA,NA,1,NA,NA,NA
209,223,0,NA,NA,NA,0,NA,NA,NA
210,223,0,NA,NA,NA,1,NA,NA,NA
211,223,0,NA,NA,NA,1,NA,NA,NA
212,223,0,NA,NA,NA,1,NA,NA,NA
213,223,0,NA,NA,NA,0,NA,NA,NA
214,223,0,NA,NA,NA,0,NA,NA,NA
215,223,0,NA,NA,NA,0,NA,NA,NA
216,223,0,NA,NA,NA,1,NA,NA,NA
217,223,0,NA,NA,NA,0,NA,NA,NA
218,223,0,NA,NA,NA,1,NA,NA,NA
219,223,0,NA,NA,NA,1,NA,NA,NA
220,223,0,NA,NA,NA,0,NA,NA,NA
221,223,0,NA,NA,NA,1,NA,NA,NA
222,223,0,NA,NA,NA,1,NA,NA,NA
223,223,0,NA,NA,NA,1,NA,NA,NA
224,223,0,NA,NA,NA,1,NA,NA,NA
225,223,0,NA,NA,NA,0,NA,NA,NA
226,223,0,NA,NA,NA,1,NA,NA,NA
227,223,0,NA,NA,NA,1,NA,NA,NA
228,223,0,NA,NA,NA,1,NA,NA,NA
229,223,0,NA,NA,NA,1,NA,NA,NA
230,223,0,NA,NA,NA,0,NA,NA,NA
231,223,0,NA,NA,NA,0,NA,NA,NA
232,223,0,NA,NA,NA,0,NA,NA,NA
233,223,0,NA,NA,NA,0,NA,NA,NA
234,223,0,NA,NA,NA,1,NA,NA,NA
235,223,0,NA,NA,NA,0,NA,NA,NA
236,223,0,NA,NA,NA,0,NA,NA,NA
237,223,0,NA,NA,NA,0,NA,NA,NA
238,223,0,NA,NA,NA,0,NA,NA,NA
239,223,0,NA,NA,NA,1,NA,NA,NA
240,223,0,NA,NA,NA,1,NA,NA,NA
241,223,0,NA,NA,NA,0,NA,NA,NA
242,223,0,NA,NA,NA,0,NA,NA,NA
243,223,0,NA,NA,NA,0,NA,NA,NA
244,223,0,NA,NA,NA,0,NA,NA,NA
245,223,0,NA,NA,NA,0,NA,NA,NA
246,223,0,NA,NA,NA,0,NA,NA,NA
247,223,0,NA,NA,NA,0,NA,NA,NA
248,223,1,NA,NA,NA,0,NA,NA,NA
249,223,0,NA,NA,NA,0,NA,NA,NA
250,223,0,NA,NA,NA,0,NA,NA,NA
251,223,0,NA,NA,NA,0,NA,NA,NA
252,223,0,NA,NA,NA,0,NA,NA,NA
253,223,0,NA,NA,NA,0,NA,NA,NA
254,223,0,NA,NA,NA,0,NA,NA,NA
255,223,NA,NA,NA,NA,NA,NA,NA,NA
256,223,0,NA,NA,NA,0,NA,NA,NA
257,223,0,NA,NA,NA,0,NA,NA,NA
258,223,1,NA,NA,NA,0,NA,NA,NA
259,223,1,NA,NA,NA,0,NA,NA,NA
260,223,1,NA,NA,NA,0,NA,NA,NA
261,223,0,NA,NA,NA,0,NA,NA,NA
263,223,0,NA,NA,NA,0,NA,NA,NA
264,223,0,NA,NA,NA,1,NA,NA,NA
265,223,0,NA,NA,NA,0,NA,NA,NA
266,223,0,NA,NA,NA,0,NA,NA,NA
267,223,0,NA,NA,NA,0,NA,NA,NA
268,223,1,NA,NA,NA,0,NA,NA,NA
269,223,1,NA,NA,NA,0,NA,NA,NA
270,223,0,NA,NA,NA,0,NA,NA,NA
271,223,0,NA,NA,NA,0,NA,NA,NA
272,223,0,NA,NA,NA,0,NA,NA,NA
273,223,0,NA,NA,NA,0,NA,NA,NA
274,223,0,NA,NA,NA,0,NA,NA,NA
275,223,0,NA,NA,NA,0,NA,NA,NA
276,223,0,NA,NA,NA,1,NA,NA,NA
278,223,0,NA,NA,NA,0,NA,NA,NA
279,223,0,NA,NA,NA,0,NA,NA,NA
280,223,0,NA,NA,NA,1,NA,NA,NA
281,223,0,NA,NA,NA,0,NA,NA,NA
282,223,0,NA,NA,NA,1,NA,NA,NA
283,223,0,NA,NA,NA,0,NA,NA,NA
284,223,0,NA,NA,NA,0,NA,NA,NA
285,223,0,NA,NA,NA,0,NA,NA,NA
286,223,0,NA,NA,NA,0,NA,NA,NA
287,223,0,NA,NA,NA,0,NA,NA,NA
288,223,0,NA,NA,NA,0,NA,NA,NA
289,223,0,NA,NA,NA,0,NA,NA,NA
290,223,1,NA,NA,NA,0,NA,NA,NA
291,223,0,NA,NA,NA,0,NA,NA,NA
292,223,0,NA,NA,NA,0,NA,NA,NA
293,223,0,NA,NA,NA,0,NA,NA,NA
294,223,0,NA,NA,NA,1,NA,NA,NA
295,223,0,NA,NA,NA,0,NA,NA,NA
296,223,0,NA,NA,NA,0,NA,NA,NA
297,223,0,NA,NA,NA,0,NA,NA,NA
298,223,0,NA,NA,NA,0,NA,NA,NA
299,223,0,NA,NA,NA,0,NA,NA,NA
300,223,0,NA,NA,NA,0,NA,NA,NA
301,223,0,NA,NA,NA,0,NA,NA,NA
302,223,0,NA,NA,NA,0,NA,NA,NA
303,223,0,NA,NA,NA,0,NA,NA,NA
304,223,0,NA,NA,NA,1,NA,NA,NA
305,223,0,NA,NA,NA,0,NA,NA,NA
306,223,0,NA,NA,NA,0,NA,NA,NA
307,223,0,NA,NA,NA,0,NA,NA,NA
308,223,0,NA,NA,NA,0,NA,NA,NA
309,223,0,NA,NA,NA,0,NA,NA,NA
310,223,0,NA,NA,NA,1,NA,NA,NA
311,223,0,NA,NA,NA,0,NA,NA,NA
312,223,NA,NA,NA,NA,NA,NA,NA,NA
314,223,0,NA,NA,NA,0,NA,NA,NA
315,223,0,NA,NA,NA,1,NA,NA,NA
316,223,0,NA,NA,NA,0,NA,NA,NA
317,223,0,NA,NA,NA,1,NA,NA,NA
318,223,0,NA,NA,NA,1,NA,NA,NA
319,223,0,NA,NA,NA,0,NA,NA,NA
320,223,0,NA,NA,NA,0,NA,NA,NA
321,223,0,NA,NA,NA,1,NA,NA,NA
322,223,0,NA,NA,NA,1,NA,NA,NA
323,223,0,NA,NA,NA,0,NA,NA,NA
324,223,0,NA,NA,NA,1,NA,NA,NA
325,223,0,NA,NA,NA,1,NA,NA,NA
326,223,0,NA,NA,NA,0,NA,NA,NA
327,223,0,NA,NA,NA,0,NA,NA,NA
328,223,NA,NA,NA,NA,NA,NA,NA,NA
329,223,1,NA,NA,NA,0,NA,NA,NA
330,223,NA,NA,NA,NA,NA,NA,NA,NA
331,223,0,NA,NA,NA,1,NA,NA,NA
332,223,0,NA,NA,NA,0,NA,NA,NA
333,223,1,NA,NA,NA,0,NA,NA,NA
334,223,0,NA,NA,NA,0,NA,NA,NA
335,223,0,NA,NA,NA,0,NA,NA,NA
336,223,1,NA,NA,NA,0,NA,NA,NA
337,223,1,NA,NA,NA,0,NA,NA,NA
338,223,0,NA,NA,NA,0,NA,NA,NA
339,223,0,NA,NA,NA,0,NA,NA,NA
340,223,0,NA,NA,NA,0,NA,NA,NA
341,223,0,NA,NA,NA,0,NA,NA,NA
342,223,0,NA,NA,NA,0,NA,NA,NA
343,223,0,NA,NA,NA,0,NA,NA,NA
344,223,0,NA,NA,NA,0,NA,NA,NA
345,223,0,NA,NA,NA,0,NA,NA,NA
346,223,0,NA,NA,NA,0,NA,NA,NA
347,223,0,NA,NA,NA,1,NA,NA,NA
348,223,0,NA,NA,NA,1,NA,NA,NA
349,223,0,NA,NA,NA,1,NA,NA,NA
350,223,0,NA,NA,NA,0,NA,NA,NA
351,223,0,NA,NA,NA,1,NA,NA,NA
352,223,1,NA,NA,NA,0,NA,NA,NA
353,223,0,NA,NA,NA,1,NA,NA,NA
354,223,0,NA,NA,NA,1,NA,NA,NA
355,223,0,NA,NA,NA,0,NA,NA,NA
356,223,0,NA,NA,NA,0,NA,NA,NA
357,223,0,NA,NA,NA,1,NA,NA,NA
358,223,0,NA,NA,NA,0,NA,NA,NA
359,223,0,NA,NA,NA,1,NA,NA,NA
360,223,0,NA,NA,NA,0,NA,NA,NA
361,223,0,NA,NA,NA,1,NA,NA,NA
362,223,0,NA,NA,NA,0,NA,NA,NA
363,223,1,NA,NA,NA,0,NA,NA,NA
364,223,0,NA,NA,NA,0,NA,NA,NA
365,223,1,NA,NA,NA,0,NA,NA,NA
366,223,0,NA,NA,NA,0,NA,NA,NA
367,223,0,NA,NA,NA,0,NA,NA,NA
368,223,0,NA,NA,NA,0,NA,NA,NA
369,223,0,NA,NA,NA,0,NA,NA,NA
370,223,0,NA,NA,NA,0,NA,NA,NA
371,223,1,NA,NA,NA,0,NA,NA,NA
372,223,0,NA,NA,NA,0,NA,NA,NA
373,223,1,NA,NA,NA,0,NA,NA,NA
374,223,0,NA,NA,NA,0,NA,NA,NA
375,223,0,NA,NA,NA,1,NA,NA,NA
376,223,NA,NA,NA,NA,NA,NA,NA,NA
377,223,0,NA,NA,NA,1,NA,NA,NA
378,223,0,NA,NA,NA,0,NA,NA,NA
379,223,0,NA,NA,NA,0,NA,NA,NA
380,223,0,NA,NA,NA,0,NA,NA,NA
381,223,1,NA,NA,NA,0,NA,NA,NA
382,223,1,NA,NA,NA,0,NA,NA,NA
383,223,0,NA,NA,NA,0,NA,NA,NA
384,223,NA,NA,NA,NA,NA,NA,NA,NA
385,223,0,NA,NA,NA,0,NA,NA,NA
386,223,0,NA,NA,NA,0,NA,NA,NA
389,223,NA,NA,NA,NA,NA,NA,NA,NA
390,223,0,NA,NA,NA,0,NA,NA,NA
391,223,0,NA,NA,NA,0,NA,NA,NA
392,223,1,NA,NA,NA,0,NA,NA,NA
394,223,0,NA,NA,NA,0,NA,NA,NA
395,223,1,NA,NA,NA,0,NA,NA,NA
396,223,0,NA,NA,NA,0,NA,NA,NA
397,223,0,NA,NA,NA,0,NA,NA,NA
399,223,0,NA,NA,NA,1,NA,NA,NA
400,223,0,NA,NA,NA,0,NA,NA,NA
402,223,NA,NA,NA,NA,NA,NA,NA,NA
403,223,0,NA,NA,NA,1,NA,NA,NA
404,223,0,NA,NA,NA,0,NA,NA,NA
405,223,1,NA,NA,NA,0,NA,NA,NA
406,223,0,NA,NA,NA,0,NA,NA,NA
408,223,0,NA,NA,NA,0,NA,NA,NA
409,223,0,NA,NA,NA,1,NA,NA,NA
410,223,0,NA,NA,NA,0,NA,NA,NA
411,223,0,NA,NA,NA,0,NA,NA,NA
413,223,1,NA,NA,NA,0,NA,NA,NA
415,223,0,NA,NA,NA,0,NA,NA,NA
417,223,0,NA,NA,NA,0,NA,NA,NA
418,223,0,NA,NA,NA,0,NA,NA,NA
419,223,0,NA,NA,NA,0,NA,NA,NA
420,223,0,NA,NA,NA,0,NA,NA,NA
421,223,0,NA,NA,NA,0,NA,NA,NA
422,223,0,NA,NA,NA,0,NA,NA,NA
423,223,0,NA,NA,NA,0,NA,NA,NA
424,223,0,NA,NA,NA,0,NA,NA,NA
425,223,1,NA,NA,NA,0,NA,NA,NA
426,223,0,NA,NA,NA,1,NA,NA,NA
427,223,0,NA,NA,NA,0,NA,NA,NA
428,223,0,NA,NA,NA,0,NA,NA,NA
429,223,1,NA,NA,NA,0,NA,NA,NA
430,223,0,NA,NA,NA,0,NA,NA,NA
431,223,0,NA,NA,NA,0,NA,NA,NA
432,223,NA,NA,NA,NA,NA,NA,NA,NA
433,223,NA,NA,NA,NA,NA,NA,NA,NA
434,223,1,NA,NA,NA,0,NA,NA,NA
435,223,1,NA,NA,NA,0,NA,NA,NA
436,223,0,NA,NA,NA,0,NA,NA,NA
437,223,0,NA,NA,NA,0,NA,NA,NA
438,223,0,NA,NA,NA,0,NA,NA,NA
439,223,0,NA,NA,NA,0,NA,NA,NA
440,223,0,NA,NA,NA,0,NA,NA,NA
441,223,0,NA,NA,NA,1,NA,NA,NA
443,223,0,NA,NA,NA,1,NA,NA,NA
446,223,1,NA,NA,NA,0,NA,NA,NA
448,223,0,NA,NA,NA,0,NA,NA,NA
449,223,0,NA,NA,NA,0,NA,NA,NA
450,223,NA,NA,NA,NA,NA,NA,NA,NA
451,223,0,NA,NA,NA,0,NA,NA,NA
452,223,0,NA,NA,NA,0,NA,NA,NA
453,223,0,NA,NA,NA,0,NA,NA,NA
454,223,0,NA,NA,NA,0,NA,NA,NA
456,223,0,NA,NA,NA,1,NA,NA,NA
457,223,0,NA,NA,NA,0,NA,NA,NA
458,223,0,NA,NA,NA,1,NA,NA,NA
459,223,NA,NA,NA,NA,NA,NA,NA,NA
460,223,0,NA,NA,NA,0,NA,NA,NA
462,223,1,NA,NA,NA,0,NA,NA,NA
463,223,0,NA,NA,NA,0,NA,NA,NA
465,223,0,NA,NA,NA,0,NA,NA,NA
466,223,0,NA,NA,NA,0,NA,NA,NA
467,223,1,NA,NA,NA,0,NA,NA,NA
468,223,0,NA,NA,NA,0,NA,NA,NA
469,223,NA,NA,NA,NA,NA,NA,NA,NA
470,223,1,NA,NA,NA,0,NA,NA,NA
471,223,NA,NA,NA,NA,NA,NA,NA,NA
472,223,NA,NA,NA,NA,NA,NA,NA,NA
475,223,1,NA,NA,NA,0,NA,NA,NA
476,223,0,NA,NA,NA,0,NA,NA,NA
477,223,NA,NA,NA,NA,NA,NA,NA,NA
478,223,0,NA,NA,NA,0,NA,NA,NA
479,223,0,NA,NA,NA,0,NA,NA,NA
480,223,0,NA,NA,NA,1,NA,NA,NA
482,223,NA,NA,NA,NA,NA,NA,NA,NA
483,223,0,NA,NA,NA,1,NA,NA,NA
484,223,NA,NA,NA,NA,NA,NA,NA,NA
485,223,1,NA,NA,NA,0,NA,NA,NA
486,223,0,NA,NA,NA,0,NA,NA,NA
487,223,0,NA,NA,NA,0,NA,NA,NA
488,223,1,NA,NA,NA,0,NA,NA,NA
489,223,0,NA,NA,NA,0,NA,NA,NA
490,223,0,NA,NA,NA,0,NA,NA,NA
491,223,0,NA,NA,NA,0,NA,NA,NA
492,223,1,NA,NA,NA,0,NA,NA,NA
495,223,0,NA,NA,NA,1,NA,NA,NA
496,223,0,NA,NA,NA,0,NA,NA,NA
497,223,0,NA,NA,NA,0,NA,NA,NA
498,223,1,NA,NA,NA,0,NA,NA,NA
499,223,0,NA,NA,NA,0,NA,NA,NA
500,223,NA,NA,NA,NA,NA,NA,NA,NA
501,223,1,NA,NA,NA,0,NA,NA,NA
502,223,0,NA,NA,NA,0,NA,NA,NA
503,223,0,NA,NA,NA,1,NA,NA,NA
504,223,NA,NA,NA,NA,NA,NA,NA,NA
505,223,0,NA,NA,NA,0,NA,NA,NA
506,223,0,NA,NA,NA,0,NA,NA,NA
507,223,1,NA,NA,NA,0,NA,NA,NA
508,223,0,NA,NA,NA,0,NA,NA,NA
509,223,0,NA,NA,NA,0,NA,NA,NA
510,223,0,NA,NA,NA,1,NA,NA,NA
511,223,0,NA,NA,NA,0,NA,NA,NA
512,223,NA,NA,NA,NA,NA,NA,NA,NA
514,223,0,NA,NA,NA,0,NA,NA,NA
515,223,0,NA,NA,NA,0,NA,NA,NA
516,223,NA,NA,NA,NA,NA,NA,NA,NA
517,223,0,NA,NA,NA,0,NA,NA,NA
518,223,0,NA,NA,NA,0,NA,NA,NA
520,223,0,NA,NA,NA,0,NA,NA,NA
522,223,1,NA,NA,NA,0,NA,NA,NA
523,223,1,NA,NA,NA,1,NA,NA,NA
527,223,1,NA,NA,NA,0,NA,NA,NA
528,223,0,NA,NA,NA,0,NA,NA,NA
529,223,1,NA,NA,NA,0,NA,NA,NA
530,223,0,NA,NA,NA,0,NA,NA,NA
531,223,0,NA,NA,NA,0,NA,NA,NA
533,223,0,NA,NA,NA,0,NA,NA,NA
535,223,NA,NA,NA,NA,NA,NA,NA,NA
536,223,0,NA,NA,NA,0,NA,NA,NA
540,223,1,NA,NA,NA,0,NA,NA,NA
541,223,0,NA,NA,NA,1,NA,NA,NA
542,223,0,NA,NA,NA,1,NA,NA,NA
543,223,0,NA,NA,NA,1,NA,NA,NA
544,223,1,NA,NA,NA,0,NA,NA,NA
545,223,1,NA,NA,NA,0,NA,NA,NA
547,223,1,NA,NA,NA,0,NA,NA,NA
548,223,0,NA,NA,NA,0,NA,NA,NA
549,223,0,NA,NA,NA,0,NA,NA,NA
550,223,0,NA,NA,NA,0,NA,NA,NA
551,223,0,NA,NA,NA,0,NA,NA,NA
552,223,0,NA,NA,NA,0,NA,NA,NA
553,223,0,NA,NA,NA,0,NA,NA,NA
554,223,0,NA,NA,NA,1,NA,NA,NA
555,223,0,NA,NA,NA,0,NA,NA,NA
556,223,1,NA,NA,NA,1,NA,NA,NA
557,223,0,NA,NA,NA,0,NA,NA,NA
558,223,0,NA,NA,NA,0,NA,NA,NA
559,223,0,NA,NA,NA,0,NA,NA,NA
560,223,0,NA,NA,NA,0,NA,NA,NA
561,223,1,NA,NA,NA,0,NA,NA,NA
562,223,0,NA,NA,NA,0,NA,NA,NA
563,223,NA,NA,NA,NA,NA,NA,NA,NA
564,223,0,NA,NA,NA,0,NA,NA,NA
565,223,NA,NA,NA,NA,NA,NA,NA,NA
566,223,0,NA,NA,NA,0,NA,NA,NA
567,223,0,NA,NA,NA,0,NA,NA,NA
568,223,0,NA,NA,NA,0,NA,NA,NA
569,223,0,NA,NA,NA,0,NA,NA,NA
570,223,0,NA,NA,NA,0,NA,NA,NA
572,223,0,NA,NA,NA,0,NA,NA,NA
574,223,0,NA,NA,NA,0,NA,NA,NA
575,223,NA,NA,NA,NA,NA,NA,NA,NA
576,223,0,NA,NA,NA,0,NA,NA,NA
578,223,0,NA,NA,NA,0,NA,NA,NA
579,223,0,NA,NA,NA,0,NA,NA,NA
581,223,1,NA,NA,NA,0,NA,NA,NA
582,223,0,NA,NA,NA,0,NA,NA,NA
583,223,NA,NA,NA,NA,NA,NA,NA,NA
584,223,NA,NA,NA,NA,NA,NA,NA,NA
586,223,0,NA,NA,NA,0,NA,NA,NA
587,223,0,NA,NA,NA,0,NA,NA,NA
589,223,1,NA,NA,NA,0,NA,NA,NA
590,223,0,NA,NA,NA,0,NA,NA,NA
591,223,0,NA,NA,NA,0,NA,NA,NA
592,223,0,NA,NA,NA,1,NA,NA,NA
593,223,1,NA,NA,NA,0,NA,NA,NA
594,223,1,NA,NA,NA,0,NA,NA,NA
595,223,0,NA,NA,NA,0,NA,NA,NA
597,223,1,NA,NA,NA,0,NA,NA,NA
599,223,0,NA,NA,NA,0,NA,NA,NA
601,223,0,NA,NA,NA,0,NA,NA,NA
602,223,0,NA,NA,NA,0,NA,NA,NA
603,223,NA,NA,NA,NA,NA,NA,NA,NA
604,223,1,NA,NA,NA,0,NA,NA,NA
605,223,0,NA,NA,NA,0,NA,NA,NA
606,223,NA,NA,NA,NA,NA,NA,NA,NA
607,223,0,NA,NA,NA,1,NA,NA,NA
608,223,1,NA,NA,NA,0,NA,NA,NA
609,223,0,NA,NA,NA,0,NA,NA,NA
610,223,0,NA,NA,NA,0,NA,NA,NA
611,223,0,NA,NA,NA,0,NA,NA,NA
612,223,0,NA,NA,NA,0,NA,NA,NA
613,223,1,NA,NA,NA,0,NA,NA,NA
614,223,0,NA,NA,NA,0,NA,NA,NA
615,223,1,NA,NA,NA,0,NA,NA,NA
616,223,0,NA,NA,NA,0,NA,NA,NA
618,223,0,NA,NA,NA,0,NA,NA,NA
619,223,0,NA,NA,NA,0,NA,NA,NA
620,223,1,NA,NA,NA,1,NA,NA,NA
621,223,0,NA,NA,NA,0,NA,NA,NA
622,223,0,NA,NA,NA,0,NA,NA,NA
623,223,0,NA,NA,NA,1,NA,NA,NA
624,223,1,NA,NA,NA,0,NA,NA,NA
625,223,0,NA,NA,NA,0,NA,NA,NA
626,223,NA,NA,NA,NA,NA,NA,NA,NA
627,223,0,NA,NA,NA,0,NA,NA,NA
628,223,0,NA,NA,NA,1,NA,NA,NA
629,223,1,NA,NA,NA,0,NA,NA,NA
630,223,0,NA,NA,NA,0,NA,NA,NA
631,223,0,NA,NA,NA,0,NA,NA,NA
632,223,NA,NA,NA,NA,NA,NA,NA,NA
636,223,NA,NA,NA,NA,NA,NA,NA,NA
638,223,0,NA,NA,NA,0,NA,NA,NA
639,223,0,NA,NA,NA,0,NA,NA,NA
640,223,NA,NA,NA,NA,NA,NA,NA,NA
642,223,0,NA,NA,NA,0,NA,NA,NA
643,223,0,NA,NA,NA,0,NA,NA,NA
644,223,0,NA,NA,NA,0,NA,NA,NA
645,223,0,NA,NA,NA,0,NA,NA,NA
646,223,0,NA,NA,NA,0,NA,NA,NA
647,223,NA,NA,NA,NA,NA,NA,NA,NA
650,223,0,NA,NA,NA,0,NA,NA,NA
652,223,0,NA,NA,NA,0,NA,NA,NA
653,223,1,NA,NA,NA,0,NA,NA,NA
654,223,1,NA,NA,NA,0,NA,NA,NA
655,223,0,NA,NA,NA,0,NA,NA,NA
656,223,0,NA,NA,NA,0,NA,NA,NA
657,223,0,NA,NA,NA,0,NA,NA,NA
658,223,1,NA,NA,NA,0,NA,NA,NA
659,223,0,NA,NA,NA,0,NA,NA,NA
660,223,0,NA,NA,NA,0,NA,NA,NA
661,223,0,NA,NA,NA,0,NA,NA,NA
662,223,NA,NA,NA,NA,NA,NA,NA,NA
663,223,0,NA,NA,NA,0,NA,NA,NA
664,223,0,NA,NA,NA,0,NA,NA,NA
665,223,NA,NA,NA,NA,NA,NA,NA,NA
667,223,0,NA,NA,NA,0,NA,NA,NA
669,223,1,NA,NA,NA,0,NA,NA,NA
670,223,1,NA,NA,NA,0,NA,NA,NA
671,223,0,NA,NA,NA,0,NA,NA,NA
672,223,1,NA,NA,NA,0,NA,NA,NA
673,223,1,NA,NA,NA,0,NA,NA,NA
674,223,0,NA,NA,NA,0,NA,NA,NA
675,223,0,NA,NA,NA,0,NA,NA,NA
676,223,0,NA,NA,NA,0,NA,NA,NA
677,223,1,NA,NA,NA,0,NA,NA,NA
678,223,0,NA,NA,NA,0,NA,NA,NA
679,223,0,NA,NA,NA,1,NA,NA,NA
680,223,0,NA,NA,NA,0,NA,NA,NA
681,223,0,NA,NA,NA,0,NA,NA,NA
684,223,0,NA,NA,NA,0,NA,NA,NA
686,223,NA,NA,NA,NA,NA,NA,NA,NA
687,223,1,NA,NA,NA,0,NA,NA,NA
688,223,1,NA,NA,NA,0,NA,NA,NA
689,223,0,NA,NA,NA,0,NA,NA,NA
691,223,0,NA,NA,NA,0,NA,NA,NA
693,223,0,NA,NA,NA,0,NA,NA,NA
694,223,0,NA,NA,NA,0,NA,NA,NA
695,223,0,NA,NA,NA,0,NA,NA,NA
696,223,1,NA,NA,NA,0,NA,NA,NA
697,223,0,NA,NA,NA,0,NA,NA,NA
698,223,0,NA,NA,NA,1,NA,NA,NA
699,223,0,NA,NA,NA,0,NA,NA,NA
703,223,0,NA,NA,NA,0,NA,NA,NA
704,223,0,NA,NA,NA,0,NA,NA,NA
705,223,0,NA,NA,NA,0,NA,NA,NA
706,223,0,NA,NA,NA,0,NA,NA,NA
708,223,NA,NA,NA,NA,NA,NA,NA,NA
709,223,0,NA,NA,NA,1,NA,NA,NA
710,223,0,NA,NA,NA,0,NA,NA,NA
711,223,0,NA,NA,NA,0,NA,NA,NA
712,223,NA,NA,NA,NA,NA,NA,NA,NA
713,223,NA,NA,NA,NA,NA,NA,NA,NA
714,223,NA,NA,NA,NA,NA,NA,NA,NA
716,223,0,NA,NA,NA,1,NA,NA,NA
717,223,0,NA,NA,NA,0,NA,NA,NA
718,223,1,NA,NA,NA,0,NA,NA,NA
719,223,0,NA,NA,NA,0,NA,NA,NA
720,223,0,NA,NA,NA,0,NA,NA,NA
721,223,0,NA,NA,NA,0,NA,NA,NA
722,223,0,NA,NA,NA,0,NA,NA,NA
723,223,0,NA,NA,NA,0,NA,NA,NA
724,223,0,NA,NA,NA,1,NA,NA,NA
725,223,0,NA,NA,NA,0,NA,NA,NA
726,223,0,NA,NA,NA,1,NA,NA,NA
727,223,0,NA,NA,NA,0,NA,NA,NA
728,223,0,NA,NA,NA,1,NA,NA,NA
729,223,0,NA,NA,NA,1,NA,NA,NA
730,223,0,NA,NA,NA,1,NA,NA,NA
732,223,0,NA,NA,NA,0,NA,NA,NA
733,223,0,NA,NA,NA,1,NA,NA,NA
736,223,1,NA,NA,NA,0,NA,NA,NA
737,223,0,NA,NA,NA,0,NA,NA,NA
741,223,NA,NA,NA,NA,NA,NA,NA,NA
742,223,0,NA,NA,NA,0,NA,NA,NA
743,223,0,NA,NA,NA,0,NA,NA,NA
744,223,0,NA,NA,NA,0,NA,NA,NA
745,223,0,NA,NA,NA,0,NA,NA,NA
746,223,0,NA,NA,NA,0,NA,NA,NA
747,223,0,NA,NA,NA,0,NA,NA,NA
748,223,0,NA,NA,NA,0,NA,NA,NA
750,223,0,NA,NA,NA,0,NA,NA,NA
751,223,0,NA,NA,NA,0,NA,NA,NA
752,223,0,NA,NA,NA,0,NA,NA,NA
753,223,0,NA,NA,NA,0,NA,NA,NA
755,223,0,NA,NA,NA,0,NA,NA,NA
756,223,0,NA,NA,NA,0,NA,NA,NA
757,223,0,NA,NA,NA,0,NA,NA,NA
758,223,1,NA,NA,NA,0,NA,NA,NA
759,223,0,NA,NA,NA,0,NA,NA,NA
760,223,1,NA,NA,NA,0,NA,NA,NA
761,223,0,NA,NA,NA,0,NA,NA,NA
762,223,1,NA,NA,NA,0,NA,NA,NA
763,223,1,NA,NA,NA,0,NA,NA,NA
764,223,1,NA,NA,NA,0,NA,NA,NA
765,223,0,NA,NA,NA,0,NA,NA,NA
766,223,0,NA,NA,NA,0,NA,NA,NA
767,223,0,NA,NA,NA,0,NA,NA,NA
768,223,0,NA,NA,NA,0,NA,NA,NA
769,223,0,NA,NA,NA,0,NA,NA,NA
770,223,0,NA,NA,NA,0,NA,NA,NA
773,223,0,NA,NA,NA,0,NA,NA,NA
774,223,0,NA,NA,NA,0,NA,NA,NA
775,223,0,NA,NA,NA,0,NA,NA,NA
776,223,0,NA,NA,NA,0,NA,NA,NA
777,223,0,NA,NA,NA,0,NA,NA,NA
778,223,1,NA,NA,NA,0,NA,NA,NA
779,223,0,NA,NA,NA,0,NA,NA,NA
781,223,0,NA,NA,NA,0,NA,NA,NA
